-0.69057,0,-63.473
-0.67664,0,-63.635
-0.77029,0,-63.835
-0.78607,0,-63.621
-0.64346,0,-63.615
-0.74389,0,-63.682
-0.59598,0,-63.756
-0.69943,0,-63.774
-0.64758,0,-63.699
-0.88363,0,-63.48
-0.81342,0,-63.625
-0.74697,0,-63.678
-0.68089,0,-63.808
-0.65253,0,-63.532
-0.5153,0,-63.717
-0.74433,0,-63.509
-0.75915,0,-63.619
-0.79099,0,-63.523
-0.60244,0,-63.745
-0.78935,0,-63.79
-0.69181,0,-63.542
-0.66306,0,-63.663
-0.77505,0,-63.715
-0.72332,0,-63.569
-0.66412,0,-63.585
-0.68157,0,-63.585
-0.83017,0,-63.694
-0.63851,0,-63.688
-0.56701,0,-63.677
-0.6824,0,-63.814
-0.68305,0,-63.777
-0.60634,0,-63.73
-0.54898,0,-63.516
-0.79798,0,-63.812
-0.6361,0,-63.827
-0.68118,0,-63.511
-0.7254,0,-63.723
-0.56075,0,-63.667
-0.69357,0,-63.662
-0.63341,4.3191e-05,-63.674
-0.64248,-9.4556e-05,-63.555
-0.69517,0.00024564,-63.658
-0.67256,-0.00046116,-63.634
-0.75613,0.00079296,-63.699
-0.72198,-0.0012928,-63.755
-0.66133,0.0020584,-63.711
-0.57608,-0.0033327,-63.666
-0.78351,0.0060816,-63.696
-0.57267,-0.033486,-63.61
-0.65764,0.0010063,-63.659
-0.57322,-0.021003,-63.667
-0.64258,-0.017289,-63.764
-0.74845,0.006513,-63.662
-0.66561,-0.0037096,-63.64
-0.65588,0.0023194,-63.525
-0.73103,-0.0014737,-63.679
-0.81625,0.00091718,-63.567
-0.75477,-0.00054388,-63.549
-0.68235,0.0002976,-63.845
-0.60083,-0.00013983,-63.574
-0.62592,5.6966e-05,-63.662
-0.61259,0,-63.686
-0.65888,0,-63.622
-0.73576,0,-63.718
-0.68154,0,-63.656
-0.72972,0,-63.546
-0.72507,0,-63.643
-0.67712,0,-63.525
-0.79106,0,-63.601
-0.63334,0,-63.663
-0.74533,0,-63.656
-0.61276,0,-63.692
-0.75326,0,-63.515
-0.72065,0,-63.738
-0.66292,0,-63.728
-0.73046,0,-63.564
-0.61017,0,-63.715
-0.64358,0,-63.651
-0.73804,0,-63.71
-0.53459,0,-63.649
-0.59538,0,-63.592
-0.65935,0,-63.691
-0.83256,0,-63.695
-0.84539,0,-63.687
-0.74234,0,-63.536
-0.67242,0,-63.657
-0.68392,0,-63.715
-0.58037,0,-63.547
-0.64141,0,-63.787
-0.69417,0,-63.726
-0.78443,0,-63.795
-0.64121,0,-63.697
-0.67911,0,-63.759
-0.74321,0,-63.62
-0.64045,0,-63.639
-0.72514,0,-63.63
-0.79231,0,-63.586
-0.81751,6.3084e-05,-63.575
-0.64045,-0.00014211,-63.603
-0.64457,0.00026927,-63.637
-0.74098,-0.00046253,-63.68
-0.66093,0.00074828,-63.596
-0.72253,-0.0011724,-63.714
-0.78622,0.0018329,-63.539
-0.8081,-0.0029988,-63.574
-0.61577,0.0057885,-63.648
-0.74409,-0.02731,-63.73
-0.69529,-0.010582,-63.555
-0.60682,0.0041891,-63.641
-0.67476,-0.0023929,-63.797
-0.7047,0.0015043,-63.496
-0.56412,-0.00096543,-63.703
-0.77154,0.00060961,-63.75
-0.63931,-0.00036843,-63.812
-0.71995,0.0002067,-63.665
-0.85937,-0.00010249,-63.716
-0.76821,4.0046e-05,-63.739
-0.77169,0,-63.654
-0.61922,0,-63.797
-0.68912,0,-63.582
-0.62043,4.4633e-05,-63.682
-0.65252,-0.00011299,-63.74
-0.72777,0.00022673,-63.534
-0.69549,-0.00040296,-63.705
-0.67338,0.00066555,-63.762
-0.63308,-0.001053,-63.609
-0.72276,0.0016408,-63.426
-0.67063,-0.0026139,-63.606
-0.65098,0.0046005,-63.571
-0.58591,-0.011912,-63.783
-0.61577,-0.026427,-63.644
-0.57747,0.0060669,-63.686
-0.85695,-0.0031715,-63.74
-0.51234,0.0019435,-63.697
-0.73704,-0.0012438,-63.581
-0.8102,0.00079335,-63.652
-0.76133,-0.00048969,-63.714
-0.61802,0.0002844,-63.703
-0.65597,-0.0001495,-63.517
-0.6376,6.5863e-05,-63.595
-0.76537,0,-63.578
-0.8141,0,-63.678
-0.66056,0,-63.723
-0.69121,0,-63.602
-0.66406,0,-63.737
-0.79299,0,-63.805
-0.65406,0,-63.774
-0.65962,0,-63.585
-0.7015,0,-63.631
-0.66309,0,-63.712
-0.55008,0,-63.587
-0.77593,0,-63.648
-0.80312,0,-63.66
-0.6798,0,-63.568
-0.65281,0,-63.691
-0.84631,0,-63.715
-0.7395,0,-63.671
-0.75009,0,-63.751
-0.70006,0,-63.791
-0.67958,0,-63.641
-0.63847,0,-63.839
-0.72202,0,-63.521
-0.61296,0,-63.616
-0.67304,0,-63.802
-0.54051,0,-63.612
-0.54436,0,-63.665
-0.74104,0,-63.66
-0.667,0,-63.558
-0.76093,0,-63.701
-0.7238,0,-63.777
-0.86379,0,-63.761
-0.69936,0,-63.704
-0.55055,0,-63.495
-0.83348,0,-63.726
-0.7396,0,-63.677
-0.78868,0,-63.705
-0.64811,0,-63.492
-0.71574,0,-63.726
-0.75472,0,-63.586
-0.74411,0,-63.666
-0.83439,0,-63.708
-0.76106,6.5863e-05,-63.708
-0.67321,-0.0001495,-63.704
-0.70794,0.0002844,-63.591
-0.67147,-0.00048969,-63.557
-0.71248,0.00079335,-63.64
-0.68993,-0.0012438,-63.755
-0.73486,0.0019435,-63.58
-0.81914,-0.0031715,-63.745
-0.66223,0.0060669,-63.532
-0.75921,-0.026427,-63.583
-0.67934,-0.011912,-63.776
-0.67425,0.0046005,-63.678
-0.77879,-0.0026139,-63.654
-0.6591,0.0016408,-63.739
-0.71356,-0.001053,-63.664
-0.77756,0.00066555,-63.779
-0.5756,-0.00040296,-63.779
-0.62328,0.00022673,-63.647
-0.7404,-0.00011299,-63.644
-0.71943,4.4633e-05,-63.742
-0.78928,0,-63.747
-0.62377,0,-63.674
-0.55985,0,-63.726
-0.57327,0,-63.592
-0.88125,0,-63.618
-0.8269,0,-63.605
-0.69936,0,-63.543
-0.58855,0,-63.61
-0.6987,0,-63.582
-0.79687,0,-63.544
-0.7976,0,-63.667
-0.62323,0,-63.592
-0.72534,0,-63.582
-0.86262,0,-63.652
-0.76781,0,-63.523
-0.87176,0,-63.668
-0.68741,0,-63.564
-0.67454,0,-63.507
-0.72964,0,-63.625
-0.74667,0,-63.676
-0.67732,0,-63.724
-0.72442,0,-63.711
-0.80112,0,-63.708
-0.73741,0,-63.768
-0.82295,0,-63.721
-0.76098,0,-63.63
-0.72107,0,-63.612
-0.58121,0,-63.728
-0.6324,0,-63.773
-0.74712,0,-63.627
-0.62448,0,-63.746
-0.70898,0,-63.694
-0.69956,0,-63.682
-0.7016,0,-63.584
-0.71176,0,-63.809
-0.70395,0,-63.713
-0.72833,0,-63.618
-0.64134,0,-63.706
-0.76926,4.3191e-05,-63.55
-0.84157,-9.4556e-05,-63.625
-0.74814,0.00017647,-63.587
-0.84986,-0.00030034,-63.755
-0.49047,0.00048324,-63.719
-0.83217,-0.00075559,-63.59
-0.90101,0.0011841,-63.693
-0.76233,-0.0019594,-63.561
-0.79873,0.0039384,-63.648
-0.5448,-0.030014,-63.688
-0.62345,-0.0054733,-63.755
-0.46391,0.0023575,-63.609
-0.65568,-0.0013728,-63.59
-0.49998,0.00086772,-63.694
-0.64637,-0.00055668,-63.529
-0.70118,0.0003501,-63.625
-0.68962,-0.00021002,-63.794
-0.78107,0.00011641,-63.727
-0.68064,-5.652e-05,-63.815
-0.86373,2.1058e-05,-63.734
-0.69631,0,-63.759
-0.68952,0,-63.61
-0.80997,0,-63.721
-0.67857,0,-63.535
-0.84174,0,-63.702
-0.70273,0,-63.657
-0.76226,0,-63.668
-0.69761,0,-63.666
-0.64396,0,-63.762
-0.78263,0,-63.649
-0.68054,0,-63.769
-0.6014,0,-63.562
-0.68323,0,-63.654
-0.77633,0,-63.732
-0.52504,0,-63.609
-0.47189,0,-63.566
-0.66822,0,-63.67
-0.59015,0,-63.739
-0.75704,0,-63.611
-0.75825,0,-63.713
-0.74299,0,-63.75
-0.72003,0,-63.628
-0.83501,0,-63.767
-0.8165,0,-63.61
-0.76096,0,-63.66
-0.77976,0,-63.623
-0.67107,0,-63.586
-0.64168,0,-63.636
-0.60235,0,-63.646
-0.66068,0,-63.676
-0.70697,0,-63.695
-0.66291,0,-63.678
-0.78404,0,-63.732
-0.63908,0,-63.527
-0.72602,0,-63.572
-0.6982,0,-63.63
-0.68288,0,-63.783
-0.79405,0,-63.667
-0.49334,0,-63.676
-0.65409,0,-63.66
-0.81457,0,-63.668
-0.71753,0,-63.646
-0.68249,0,-63.53
-0.59069,0,-63.718
-0.57977,0,-63.606
-0.77025,0,-63.551
-0.77088,0,-63.659
-0.75506,0,-63.525
-0.74532,0,-63.575
-0.77709,0,-63.727
-0.75319,0,-63.789
-0.67006,0,-63.661
-0.70876,0,-63.624
-0.67682,0,-63.645
-0.65229,0,-63.814
-0.74142,0,-63.618
-0.73252,0,-63.665
-0.55829,0,-63.639
-0.68425,0,-63.686
-0.79543,0,-63.654
-0.58238,0,-63.593
-0.70209,0,-63.629
-0.74007,0,-63.712
-0.64698,0,-63.572
-0.53487,0,-63.587
-0.54633,0,-63.663
-0.67473,0,-63.643
-0.66118,0,-63.724
-0.76645,0,-63.646
-0.67737,0,-63.523
-0.82113,0,-63.569
-0.78508,0,-63.67
-0.73703,0,-63.568
-0.65959,0,-63.674
-0.74483,0,-63.553
-0.59002,0,-63.529
-0.64187,0,-63.673
-0.73972,0,-63.726
-0.71209,0,-63.7
-0.62773,0,-63.588
-0.82929,0,-63.779
-0.67411,0,-63.694
-0.78086,0,-63.673
-0.64317,0,-63.747
-0.70083,0,-63.7
-0.66135,0,-63.779
-0.63026,0,-63.665
-0.70763,0,-63.753
-0.68139,0,-63.657
-0.7172,0,-63.581
-0.76464,0,-63.547
-0.62669,0,-63.68
-0.61343,0,-63.583
-0.69062,0,-63.63
-0.61113,0,-63.791
-0.60298,0,-63.577
-0.6003,0,-63.745
-0.62506,0,-63.552
-0.71929,0,-63.619
-0.80954,0,-63.69
-0.62819,0,-63.771
-0.75844,0,-63.598
-0.44491,0,-63.671
-0.63031,0,-63.838
-0.73562,0,-63.67
-0.72356,0,-63.773
-0.77761,0,-63.73
-0.78824,0,-63.702
-0.74699,0,-63.753
-0.60684,0,-63.692
-0.64934,0,-63.501
-0.67638,0,-63.664
-0.89642,0,-63.621
-0.76774,0,-63.687
-0.61543,0,-63.731
-0.68089,0,-63.681
-0.69647,0,-63.796
-0.63319,0,-63.756
-0.57515,0,-63.724
-0.61337,0,-63.447
-0.7236,6.8876e-05,-63.757
-0.75535,-0.00015883,-63.94
-0.80014,0.00030461,-63.636
-0.67414,-0.00052705,-63.695
-0.65988,0.0008564,-63.648
-0.68023,-0.0013011,-63.684
-0.65488,0.0020042,-63.476
-0.88746,-0.0032319,-63.431
-0.68891,0.0061101,-63.607
-0.54686,-0.023963,-63.74
-0.54535,-0.015342,-63.596
-0.6665,0.0065174,-63.553
-0.65161,-0.0049558,-63.695
-0.65197,0.0058133,-63.648
-0.5977,-0.031217,-63.477
-0.72945,-0.0047115,-63.482
-0.66341,0.0018947,-63.749
-0.57312,-0.0011109,-63.701
-0.62685,0.00073592,-63.563
-0.51589,-0.00050352,-63.707
-0.70175,0.0003501,-63.726
-0.66828,-0.00021002,-63.61
-0.57633,0.00011641,-63.615
-0.61256,-2.8391e-05,-63.732
-0.61075,-3.9709e-05,-63.57
-0.70381,0.00011259,-63.641
-0.751,-0.00019078,-63.785
-0.67444,0.00030618,-63.801
-0.76619,-0.00047833,-63.568
-0.72241,0.00075071,-63.631
-0.56069,-0.0012501,-63.697
-0.50139,0.002572,-63.662
-0.65519,-0.030815,-63.723
-0.66207,-0.0031303,-63.529
-0.56807,0.0013967,-63.626
-0.73965,-0.00076091,-63.75
-0.71786,0.00038683,-63.567
-0.77541,-8.2477e-05,-63.598
-0.73838,-0.00022066,-63.652
-0.64421,0.00056941,-63.644
-0.63635,-0.0010186,-63.585
-0.76249,0.0016678,-63.673
-0.6102,-0.0027782,-63.778
-0.63343,0.005486,-63.61
-0.67253,-0.028237,-63.518
-0.66665,-0.0090221,-63.763
-0.62172,0.0033198,-63.644
-0.67758,-0.001439,-63.802
-0.64099,0.00022441,-63.712
-0.69956,0.00089397,-63.623
-0.69498,-0.0022666,-63.684
-0.7995,0.004652,-63.89
-0.69718,-0.013063,-63.779
-0.71139,-0.025562,-63.68
-0.70002,0.006309,-63.598
-0.67513,-0.0033081,-63.839
-0.46908,0.0020322,-63.81
-0.60567,-0.0013011,-63.614
-0.70438,0.00082943,-63.678
-0.75417,-0.00051121,-63.59
-0.56986,0.00029618,-63.734
-0.73164,-0.00015507,-63.714
-0.71904,6.7785e-05,-63.715
-0.57684,0,-63.711
-0.67302,0,-63.736
-0.65149,0,-63.814
-0.52388,0,-63.714
-0.66578,0,-63.589
-0.68591,0,-63.689
-0.76819,0,-63.545
-0.63017,0,-63.7
-0.72211,0,-63.756
-0.70042,0,-63.491
-0.5732,0,-63.627
-0.75152,0,-63.723
-0.66745,0,-63.496
-0.62394,0,-63.731
-0.66306,0,-63.629
-0.72584,0,-63.671
-0.63144,0,-63.73
-0.65812,0,-63.772
-0.84951,0,-63.664
-0.80944,0,-63.53
-0.80519,0,-63.633
-0.65309,0,-63.664
-0.75724,0,-63.712
-0.85744,0,-63.605
-0.80284,0,-63.744
-0.72069,0,-63.553
-0.78041,0,-63.664
-0.77135,0,-63.73
-0.69838,0,-63.663
-0.79969,0,-63.711
-0.66696,0,-63.606
-0.63666,0,-63.809
-0.52593,0,-63.751
-0.74292,0,-63.704
-0.55517,0,-63.488
-0.67848,0,-63.601
-0.56209,0,-63.597
-0.61517,0,-63.57
-0.79261,0,-63.655
-0.6071,0,-63.639
-0.71528,0,-63.804
-0.64643,0,-63.698
-0.6594,0,-63.565
-0.76881,0,-63.767
-0.80558,0,-63.648
-0.61288,0,-63.664
-0.61286,0,-63.773
-0.81139,0,-63.692
-0.57272,0,-63.585
-0.63107,0,-63.736
-0.62012,0,-63.719
-0.54989,0,-63.608
-0.69615,0,-63.664
-0.69169,0,-63.619
-0.70946,0,-63.469
-0.75719,0,-63.566
-0.63205,0,-63.723
-0.70266,0,-63.711
-0.63449,0,-63.704
-0.57212,0,-63.525
-0.72712,0,-63.639
-0.57889,0,-63.58
-0.56266,0,-63.734
-0.70291,0,-63.711
-0.61667,0,-63.795
-0.72817,0,-63.654
-0.48278,0,-63.784
-0.63188,0,-63.746
-0.64095,0,-63.574
-0.68223,0,-63.645
-0.65433,0,-63.649
-0.73088,0,-63.562
-0.66307,0,-63.494
-0.6636,0,-63.736
-0.71059,0,-63.594
-0.62528,7.7434e-06,-63.629
-0.66169,-2.1638e-05,-63.742
-0.72641,4.5327e-05,-63.792
-0.64905,-8.2567e-05,-63.67
-0.73916,0.00013845,-63.633
-0.6829,-0.00019274,-63.71
-0.64188,0.00028372,-63.558
-0.73132,-0.00043055,-63.664
-0.75906,0.00073024,-63.648
-0.68512,-0.0017248,-63.546
-0.71202,-0.031546,-63.641
-0.84993,0.0025328,-63.684
-0.60388,-0.0021056,-63.64
-0.73916,0.0030839,-63.541
-0.65037,-0.031141,-63.638
-0.75219,-0.0029216,-63.707
-0.65034,0.0012665,-63.717
-0.638,-0.00071519,-63.648
-0.68331,0.00041725,-63.671
-0.65262,-0.00020128,-63.608
-0.75194,1.8379e-05,-63.666
-0.75708,0.00018119,-63.781
-0.73331,-0.00040949,-63.614
-0.60303,0.00071766,-63.811
-0.66472,-0.0012381,-63.827
-0.51431,0.002572,-63.748
-0.70508,-0.030815,-63.609
-0.77478,-0.0031303,-63.808
-0.76732,0.0013967,-63.812
-0.61548,-0.00082034,-63.737
-0.5698,0.00051972,-63.73
-0.77559,-0.0003333,-63.531
-0.53257,0.00020916,-63.633
-0.5968,-0.00012499,-63.667
-0.80018,6.8838e-05,-63.625
-0.85786,-3.3052e-05,-63.589
-0.73083,1.1994e-05,-63.726
-0.67315,0,-63.778
-0.74157,0,-63.74
-0.76817,0,-63.659
-0.73031,0,-63.691
-0.58245,0,-63.691
-0.76955,0,-63.529
-0.78896,0,-63.494
-0.49347,0,-63.654
-0.68328,0,-63.677
-0.76559,0,-63.588
-0.62017,0,-63.58
-0.81648,0,-63.551
-0.73564,0,-63.577
-0.71554,0,-63.737
-0.71632,0,-63.592
-0.58418,0,-63.673
-0.6998,0,-63.707
-0.61302,0,-63.722
-0.64576,0,-63.747
-0.79471,0,-63.549
-0.62495,0,-63.662
-0.76394,0,-63.758
-0.76499,0,-63.702
-0.74694,0,-63.707
-0.73635,0,-63.469
-0.86036,0,-63.634
-0.69088,0,-63.674
-0.68273,0,-63.634
-0.72079,0,-63.84
-0.7485,0,-63.76
-0.63832,0,-63.524
-0.58884,0,-63.671
-0.56673,0,-63.649
-0.52997,0,-63.681
-0.63486,0,-63.669
-0.75224,0,-63.616
-0.70523,0,-63.637
-0.61398,0,-63.677
-0.74276,0,-63.744
-0.47603,0,-63.74
-0.7814,0,-63.78
-0.79601,0,-63.562
-0.61235,0,-63.77
-0.66642,0,-63.746
-0.69269,0,-63.679
-0.67603,0,-63.734
-0.76332,0,-63.596
-0.67279,0,-63.638
-0.62187,0,-63.696
-0.50458,0,-63.717
-0.70573,0,-63.748
-0.73748,0,-63.596
-0.72785,3.0556e-05,-63.629
-0.57664,-8.0024e-05,-63.665
-0.78128,0.00016306,-63.6
-0.54565,-0.00029238,-63.833
-0.68952,0.00048555,-63.757
-0.84192,-0.00077047,-63.628
-0.67878,0.0012007,-63.596
-0.67614,-0.0019045,-63.507
-0.46543,0.0033009,-63.71
-0.64229,-0.0079732,-63.704
-0.58552,-0.028836,-63.701
-0.47404,0.0050117,-63.744
-0.75576,-0.0025467,-63.678
-0.66882,0.0015481,-63.666
-0.70117,-0.00098915,-63.706
-0.75517,0.00063199,-63.569
-0.78404,-0.00039174,-63.722
-0.64323,0.00022913,-63.518
-0.66466,-6.6968e-05,-63.72
-0.85061,-6.6968e-05,-63.672
-0.64728,0.00022913,-63.666
-0.72327,-0.00039174,-63.777
-0.57557,0.00063199,-63.757
-0.79483,-0.00098915,-63.74
-0.69936,0.0015481,-63.757
-0.66449,-0.0025467,-63.776
-0.69595,0.0050117,-63.701
-0.76632,-0.028836,-63.648
-0.71379,-0.0079732,-63.659
-0.58428,0.0033009,-63.732
-0.65151,-0.0019045,-63.69
-0.81208,0.0012007,-63.542
-0.78532,-0.00077047,-63.678
-0.70052,0.00048555,-63.614
-0.77812,-0.00029238,-63.555
-0.7783,0.00016306,-63.647
-0.64735,-8.0024e-05,-63.505
-0.68662,3.0556e-05,-63.562
-0.79169,0,-63.692
-0.7604,0,-63.76
-0.62888,0,-63.79
-0.50875,5.4893e-05,-63.663
-0.55683,-0.00012186,-63.709
-0.66891,0.00029801,-63.712
-0.64492,-0.00055057,-63.671
-0.72946,0.0009366,-63.441
-0.58633,-0.0015162,-63.632
-0.73542,0.0024045,-63.695
-0.62217,-0.003891,-63.476
-0.69607,0.0071104,-63.646
-0.86641,-0.032245,-63.807
-0.69492,-0.0015627,-63.732
-0.50097,-0.021145,-63.675
-0.60898,-0.01649,-63.68
-0.34602,0.0065339,-63.641
-0.61634,-0.0037669,-63.859
-0.55594,0.0023604,-63.64
-0.63393,-0.0014955,-63.68
-0.81001,0.00092483,-63.61
-0.70505,-0.00054286,-63.676
-0.81385,0.00029246,-63.672
-0.65711,-0.0001318,-63.598
-0.62286,5.3161e-05,-63.684
-0.58386,0,-63.651
-0.70173,0,-63.59
-0.7563,0,-63.532
-0.73311,0,-63.536
-0.51971,0,-63.769
-0.73295,0,-63.621
-0.60704,0,-63.621
-0.71449,0,-63.508
-0.68124,0,-63.673
-0.69352,0,-63.649
-0.74817,0,-63.698
-0.70495,1.1994e-05,-63.694
-0.61311,-3.3052e-05,-63.752
-0.65655,6.8838e-05,-63.625
-0.76157,-0.00012499,-63.69
-0.62406,0.00020916,-63.759
-0.71321,-0.0003333,-63.664
-0.56611,0.00051972,-63.631
-0.69354,-0.00082034,-63.765
-0.59626,0.0013967,-63.648
-0.62931,-0.0031303,-63.516
-0.53243,-0.030815,-63.673
-0.63845,0.002572,-63.602
-0.65627,-0.0012141,-63.699
-0.71631,0.00067229,-63.736
-0.69874,-0.0003325,-63.638
-0.55144,5.8539e-05,-63.554
-0.69678,0.00020715,-63.454
-0.6364,-0.00050933,-63.645
-0.57963,0.00091457,-63.645
-0.6752,-0.0015908,-63.661
-0.57673,0.0032913,-63.722
-0.59351,-0.030463,-63.564
-0.72583,-0.0042794,-63.743
-0.71172,0.001877,-63.778
-0.80693,-0.0010978,-63.565
-0.60255,0.00069472,-63.766
-0.50978,-0.00044562,-63.652
-0.57097,0.00027995,-63.752
-0.58055,-0.00016762,-63.623
-0.65551,9.2612e-05,-63.64
-0.59104,-4.4718e-05,-63.848
-0.62659,1.6447e-05,-63.69
-0.69853,0,-63.75
-0.73257,0,-63.654
-0.71517,0,-63.67
-0.73387,4.4751e-20,-63.735
-0.70253,-1.1591e-19,-63.621
-0.61365,2.1842e-19,-63.671
-0.7302,-3.5046e-19,-63.502
-0.56427,5.0577e-19,-63.786
-0.60911,-6.7393e-19,-63.636
-0.76227,8.4136e-19,-63.712
-0.76189,-9.9294e-19,-63.635
-0.6996,1.1139e-18,-63.635
-0.67464,-1.192e-18,-63.854
-0.60021,-0.031271,-63.696
-0.63959,-1.192e-18,-63.571
-0.74351,1.1139e-18,-63.695
-0.75652,-9.9294e-19,-63.753
-0.75124,8.4136e-19,-63.473
-0.72666,-6.7393e-19,-63.689
-0.68968,5.0577e-19,-63.549
-0.60216,-3.5046e-19,-63.704
-0.75048,2.1842e-19,-63.713
-0.69294,-1.1591e-19,-63.69
-0.66862,4.4751e-20,-63.69
-0.73516,0,-63.718
-0.64223,0,-63.609
-0.59917,0,-63.571
-0.65249,0,-63.67
-0.67749,0,-63.755
-0.75004,0,-63.551
-0.67455,0,-63.716
-0.72777,6.9171e-05,-63.668
-0.6936,-0.00016082,-63.63
-0.72071,0.00030972,-63.695
-0.66103,-0.00053724,-63.545
-0.579,0.00087427,-63.725
-0.62491,-0.0013733,-63.777
-0.57055,0.0021432,-63.524
-0.71433,-0.0034726,-63.633
-0.60678,0.0064796,-63.676
-0.58111,-0.023361,-63.535
-0.64963,-0.015917,-63.575
-0.56599,0.0056452,-63.651
-0.75393,-0.0031529,-63.524
-0.67809,0.0019693,-63.696
-0.77956,-0.0012636,-63.552
-0.87048,0.00080077,-63.662
-0.55393,-0.00048736,-63.652
-0.52693,0.00027655,-63.64
-0.78738,-0.00013983,-63.65
-0.89497,5.6966e-05,-63.787
-0.56791,0,-63.581
-0.54186,0,-63.709
-0.72918,0,-63.598
-0.65418,4.3191e-05,-63.732
-0.63984,-9.4556e-05,-63.58
-0.64305,0.00017647,-63.707
-0.70233,-0.00030034,-63.79
-0.61516,0.00048324,-63.659
-0.59623,-0.00075559,-63.608
-0.6821,0.0011841,-63.593
-0.61601,-0.0019594,-63.788
-0.52784,0.0039384,-63.585
-0.50787,-0.030014,-63.59
-0.85574,-0.0054733,-63.576
-0.79857,0.0023575,-63.603
-0.64541,-0.0013728,-63.547
-0.7225,0.00086772,-63.766
-0.62731,-0.00055668,-63.567
-0.56289,0.0003501,-63.56
-0.60964,-0.00021002,-63.71
-0.68144,0.00011641,-63.54
-0.73573,-5.652e-05,-63.812
-0.71351,2.1058e-05,-63.54
-0.72894,0,-63.575
-0.5728,0,-63.593
-0.7539,0,-63.7
-0.63353,0,-63.676
-0.73488,0,-63.634
-0.68642,0,-63.644
-0.65098,0,-63.562
-0.66875,0,-63.59
-0.67165,0,-63.692
-0.64126,0,-63.535
-0.582,0,-63.562
-0.5706,0,-63.708
-0.70139,0,-63.677
-0.78332,0,-63.652
-0.73972,0,-63.764
-0.69869,0,-63.652
-0.82535,0,-63.575
-0.75139,0,-63.679
-0.63049,0,-63.626
-0.78992,0,-63.718
-0.65977,0,-63.662
-0.70859,0,-63.67
-0.68197,0,-63.566
-0.77105,0,-63.714
-0.78618,0,-63.492
-0.73852,0,-63.467
-0.76703,0,-63.594
-0.65182,0,-63.544
-0.64995,0,-63.621
-0.64673,0,-63.685
-0.52123,0,-63.677
-0.52463,0,-63.761
-0.78212,0,-63.706
-0.72218,0,-63.703
-0.78122,0,-63.627
-0.80106,0,-63.556
-0.66043,0,-63.643
-0.75887,0,-63.543
-0.76735,0,-63.733
-0.64265,0,-63.68
-0.65074,0,-63.56
-0.72778,0,-63.711
-0.62584,0,-63.584
-0.74169,0,-63.513
-0.68935,0,-63.602
-0.55709,0,-63.649
-0.68856,0,-63.722
-0.74637,0,-63.596
-0.66775,0,-63.653
-0.69274,0,-63.679
-0.78955,0,-63.655
-0.58097,0,-63.565
-0.73316,0,-63.343
-0.68146,0,-63.706
-0.81402,0,-63.622
-0.54343,0,-63.609
-0.50388,0,-63.666
-0.92972,0,-63.434
-0.59997,0,-63.586
-0.65849,0,-63.704
-0.7183,0,-63.542
-0.60578,0,-63.651
-0.67011,0,-63.747
-0.68835,0,-63.589
-0.69428,0,-63.722
-0.63887,0,-63.619
-0.75586,0,-63.605
-0.66314,0,-63.617
-0.49541,0,-63.656
-0.64938,0,-63.774
-0.76471,0,-63.635
-0.64443,0,-63.781
-0.77835,0,-63.773
-0.74692,0,-63.601
-0.70474,0,-63.718
-0.75144,0,-63.777
-0.59687,0,-63.648
-0.59681,0,-63.629
-0.80791,6.5726e-05,-63.709
-0.76179,-0.00015684,-63.58
-0.58318,0.00030598,-63.705
-0.75735,-0.00053487,-63.665
-0.59836,0.00087451,-63.566
-0.68897,-0.0013767,-63.665
-0.733,0.0021466,-63.613
-0.57064,-0.0034561,-63.672
-0.64821,0.0063091,-63.823
-0.58606,-0.019797,-63.66
-0.85543,-0.019797,-63.623
-0.65249,0.0063091,-63.573
-0.82257,-0.0034561,-63.578
-0.75371,0.0021466,-63.578
-0.86116,-0.0013767,-63.494
-0.65143,0.00087451,-63.657
-0.52089,-0.00053487,-63.699
-0.68105,0.00030598,-63.628
-0.70773,-0.00015684,-63.664
-0.79869,6.5726e-05,-63.698
-0.63976,0,-63.576
-0.72758,0,-63.69
-0.73503,0,-63.57
-0.65912,0,-63.583
-0.64768,0,-63.585
-0.54372,0,-63.724
-0.77093,0,-63.61
-0.69024,0,-63.56
-0.5824,0,-63.561
-0.68111,0,-63.651
-0.67914,0,-63.707
-0.64306,0,-63.696
-0.63614,0,-63.567
-0.59776,0,-63.613
-0.70478,0,-63.725
-0.61061,0,-63.594
-0.79844,0,-63.59
-0.75025,0,-63.73
-0.70905,0,-63.755
-0.61865,0,-63.694
-0.61843,0,-63.643
-0.76218,0,-63.679
-0.63915,0,-63.697
-0.72494,0,-63.675
-0.75211,0,-63.652
-0.61237,0,-63.605
-0.62538,0,-63.765
-0.65905,0,-63.708
-0.7502,0,-63.638
-0.63926,0,-63.671
-0.62687,0,-63.571
-0.75215,0,-63.79
-0.65605,0,-63.7
-0.64323,0,-63.632
-0.71888,0,-63.565
-0.58553,0,-63.557
-0.69982,0,-63.649
-0.69493,0,-63.579
-0.58188,0,-63.677
-0.65463,0,-63.717
-0.47272,0,-63.57
-0.69175,0,-63.706
-0.6847,1.6447e-05,-63.651
-0.71092,-4.4718e-05,-63.491
-0.59774,9.2612e-05,-63.67
-0.78245,-0.00016762,-63.639
-0.66374,0.00027995,-63.643
-0.66142,-0.00044562,-63.71
-0.67193,0.00069472,-63.701
-0.59874,-0.0010978,-63.652
-0.62582,0.001877,-63.74
-0.71727,-0.0042441,-63.686
-0.59597,-0.030554,-63.732
-0.76579,0.0034767,-63.66
-0.62469,-0.0019504,-63.804
-0.5351,0.0015247,-63.778
-0.64513,-0.0014928,-63.772
-0.6383,0.001755,-63.642
-0.81655,-0.0024031,-63.586
-0.79889,0.0039002,-63.595
-0.80378,-0.0093457,-63.603
-0.69654,-0.028079,-63.571
-0.57939,0.005437,-63.638
-0.69361,-0.0027902,-63.586
-0.61388,0.0017009,-63.578
-0.65684,-0.0010874,-63.491
-0.55486,0.0006944,-63.523
-0.64832,-0.00042983,-63.716
-0.55912,0.00025083,-63.619
-0.76809,-0.00013289,-63.672
-0.78342,5.9429e-05,-63.728
-0.70741,0,-63.588
-0.66403,0,-63.777
-0.72259,0,-63.779
-0.67295,0,-63.657
-0.65409,0,-63.611
-0.78521,0,-63.564
-0.68949,0,-63.55
-0.55662,0,-63.736
-0.7404,0,-63.576
-0.69554,0,-63.617
-0.61355,0,-63.665
-0.62672,0,-63.673
-0.64584,0,-63.706
-0.69505,0,-63.719
-0.71689,0,-63.728
-0.75421,0,-63.654
-0.63884,0,-63.658
-0.69373,0,-63.503
-0.61739,0,-63.71
-0.7186,0,-63.502
-0.60976,0,-63.677
-0.59235,0,-63.742
-0.55894,0,-63.623
-0.68272,0,-63.737
-0.5886,0,-63.655
-0.53415,0,-63.665
-0.64316,0,-63.588
-0.61871,0,-63.791
-0.78418,0,-63.606
-0.78789,4.0046e-05,-63.679
-0.69681,-0.00010249,-63.734
-0.6514,0.0002067,-63.536
-0.6979,-0.00036843,-63.523
-0.70039,0.00060961,-63.732
-0.64003,-0.00096543,-63.716
-0.75119,0.0015043,-63.664
-0.57474,-0.0023929,-63.461
-0.70753,0.0041891,-63.627
-0.69943,-0.010582,-63.53
-0.60335,-0.02731,-63.553
-0.75195,0.0057885,-63.598
-0.7508,-0.0029988,-63.712
-0.63438,0.0018329,-63.611
-0.67615,-0.0011724,-63.629
-0.7682,0.00074828,-63.788
-0.76261,-0.00046253,-63.619
-0.75318,0.00026927,-63.652
-0.54609,-0.00014211,-63.574
-0.73522,6.3084e-05,-63.575
-0.71111,0,-63.632
-0.60868,0,-63.476
-0.56277,0,-63.637
-0.64718,0,-63.749
-0.71822,0,-63.631
-0.52746,0,-63.629
-0.75604,0,-63.612
-0.61948,0,-63.582
-0.66967,0,-63.695
-0.75605,0,-63.653
-0.66334,0,-63.72
-0.63509,0,-63.666
-0.63353,0,-63.636
-0.7064,0,-63.795
-0.70466,0,-63.602
-0.67994,0,-63.693
-0.7347,0,-63.603
-0.81647,0,-63.629
-0.74842,0,-63.465
-0.6893,0,-63.571
-0.64243,0,-63.607
-0.72407,0,-63.552
-0.71513,0,-63.723
-0.7225,0,-63.692
-0.78959,0,-63.653
-0.78281,0,-63.562
-0.72151,0,-63.538
-0.65351,0,-63.719
-0.71024,0,-63.498
-0.72644,0,-63.538
-0.66449,0,-63.627
-0.54891,0,-63.708
-0.55721,0,-63.58
-0.61664,0,-63.698
-0.60183,0,-63.65
-0.63212,0,-63.736
-0.46909,0,-63.662
-0.74841,0,-63.495
-0.70434,0,-63.639
-0.78723,0,-63.698
-0.63229,0,-63.697
-0.73272,0,-63.596
-0.58015,0,-63.614
-0.48317,0,-63.447
-0.78345,0,-63.529
-0.66586,0,-63.628
-0.7804,0,-63.672
-0.7371,0,-63.604
-0.80489,0,-63.642
-0.63219,0,-63.636
-0.67988,0,-63.728
-0.65286,0,-63.545
-0.75333,0,-63.7
-0.63898,0,-63.501
-0.611,0,-63.722
-0.64606,0,-63.656
-0.66926,0,-63.741
-0.68318,0,-63.836
-0.76426,0,-63.678
-0.5801,0,-63.574
-0.48865,0,-63.694
-0.61332,0,-63.804
-0.74489,0,-63.849
-0.76562,0,-63.582
-0.74905,0,-63.679
-0.56136,0,-63.517
-0.67545,0,-63.638
-0.70815,0,-63.606
-0.70089,0,-63.693
-0.54298,0,-63.64
-0.60311,0,-63.607
-0.68089,0,-63.558
-0.64988,0,-63.599
-0.68919,0,-63.619
-0.60032,0,-63.651
-0.42054,0,-63.623
-0.66758,0,-63.715
-0.68364,0,-63.69
-0.6211,0,-63.481
-0.65945,0,-63.606
-0.71711,0,-63.596
-0.67923,0,-63.717
-0.55064,1.9433e-05,-63.669
-0.70598,-4.1711e-05,-63.626
-0.69538,7.7015e-05,-63.549
-0.76495,-0.00013022,-63.822
-0.56728,0.00020872,-63.508
-0.66362,-0.00032594,-63.621
-0.63251,0.00051197,-63.662
-0.63049,-0.00085543,-63.742
-0.78389,0.0017821,-63.634
-0.66471,-0.031068,-63.664
-0.69646,-0.002031,-63.693
-0.64134,0.00092103,-63.716
-0.67054,-0.00054315,-63.78
-0.57065,0.00034448,-63.676
-0.61013,-0.00022087,-63.786
-0.78826,0.00013845,-63.743
-0.58745,-8.2567e-05,-63.766
-0.64873,4.5327e-05,-63.792
-0.66346,-2.1638e-05,-63.695
-0.68947,7.7434e-06,-63.742
-0.58385,0,-63.631
-0.54801,0,-63.612
-0.65691,0,-63.706
-0.67903,0,-63.654
-0.57406,0,-63.547
-0.75382,0,-63.605
-0.74881,0,-63.692
-0.62729,0,-63.648
-0.7345,0,-63.545
-0.79674,0,-63.5
-0.73786,0,-63.604
-0.80881,0,-63.597
-0.57688,0,-63.637
-0.62437,0,-63.717
-0.74168,1.0033e-05,-63.535
-0.67059,-2.1401e-05,-63.498
-0.67274,3.9378e-05,-63.585
-0.71425,-6.6439e-05,-63.678
-0.63663,0.00010636,-63.729
-0.74906,-0.00016604,-63.73
-0.59451,0.00026476,-63.699
-0.65277,-0.00044826,-63.701
-0.53209,0.00094614,-63.487
-0.48188,-0.031261,-63.584
-0.63547,-0.00091769,-63.729
-0.57818,0.00034472,-63.598
-0.59339,-9.8164e-05,-63.637
-0.5322,-9.8164e-05,-63.701
-0.65202,0.00034472,-63.595
-0.65044,-0.00091769,-63.713
-0.67433,-0.031261,-63.626
-0.79242,0.00094614,-63.667
-0.6491,-0.00044826,-63.751
-0.57801,0.00026476,-63.645
-0.55212,-0.00016604,-63.604
-0.63782,0.00010636,-63.535
-0.63533,-6.6439e-05,-63.631
-0.5945,3.9378e-05,-63.674
-0.73873,-2.1401e-05,-63.689
-0.73558,1.0033e-05,-63.698
-0.78421,0,-63.718
-0.61863,0,-63.578
-0.56565,0,-63.673
-0.69768,0,-63.696
-0.83424,0,-63.701
-0.76105,0,-63.573
-0.5888,0,-63.751
-0.60737,0,-63.687
-0.79137,0,-63.677
-0.58777,0,-63.546
-0.66948,0,-63.737
-0.59596,0,-63.7
-0.65382,0,-63.603
-0.60264,0,-63.483
-0.59635,0,-63.643
-0.5124,0,-63.698
-0.79067,0,-63.571
-0.56888,0,-63.665
-0.7614,0,-63.566
-0.65273,0,-63.577
-0.74119,0,-63.635
-0.70617,0,-63.761
-0.60742,0,-63.659
-0.65553,0,-63.653
-0.65089,0,-63.625
-0.62952,0,-63.424
-0.7048,0,-63.54
-0.74231,0,-63.606
-0.53673,0,-63.736
-0.60065,0,-63.683
-0.50798,0,-63.625
-0.71635,0,-63.665
-0.74457,0,-63.574
-0.62525,0,-63.705
-0.67405,0,-63.731
-0.84773,0,-63.644
-0.75746,0,-63.766
-0.61503,0,-63.66
-0.59469,0,-63.621
-0.71125,0,-63.623
-0.75901,0,-63.677
-0.68552,0,-63.611
-0.6795,0,-63.633
-0.62038,0,-63.735
-0.70468,0,-63.697
-0.79119,0,-63.707
-0.64842,0,-63.627
-0.70594,3.0556e-05,-63.635
-0.66392,-8.0024e-05,-63.732
-0.75077,0.00016306,-63.741
-0.61905,-0.00029238,-63.581
-0.62285,0.00048555,-63.586
-0.67809,-0.00077047,-63.808
-0.59109,0.0012007,-63.69
-0.60907,-0.0019045,-63.619
-0.73075,0.0033009,-63.559
-0.65706,-0.0079732,-63.57
-0.74108,-0.028836,-63.561
-0.7459,0.0050117,-63.584
-0.61353,-0.0025467,-63.774
-0.72287,0.0015481,-63.792
-0.53218,-0.00098915,-63.622
-0.71419,0.00063199,-63.708
-0.71937,-0.00039174,-63.616
-0.68858,0.00022913,-63.575
-0.80212,-0.00012186,-63.577
-0.74069,5.4893e-05,-63.682
-0.67875,0,-63.593
-0.54794,0,-63.504
-0.77874,0,-63.764
-0.48251,0,-63.646
-0.7779,0,-63.657
-0.71485,0,-63.638
-0.61722,0,-63.564
-0.65927,0,-63.75
-0.59828,0,-63.54
-0.61935,0,-63.513
-0.66336,0,-63.726
-0.66036,0,-63.632
-0.70689,0,-63.708
-0.70128,0,-63.681
-0.6404,0,-63.705
-0.63163,0,-63.675
-0.71969,0,-63.446
-0.71851,0,-63.682
-0.71021,0,-63.732
-0.63156,6.3084e-05,-63.561
-0.53013,-0.00014211,-63.765
-0.74473,0.00026927,-63.669
-0.80266,-0.00046253,-63.673
-0.72623,0.00074828,-63.666
-0.67637,-0.0011724,-63.569
-0.64526,0.0018329,-63.733
-0.5902,-0.0029988,-63.705
-0.63701,0.0057885,-63.633
-0.61841,-0.02731,-63.573
-0.69225,-0.010582,-63.524
-0.72381,0.0041891,-63.678
-0.70895,-0.0023929,-63.643
-0.61103,0.0015043,-63.716
-0.71156,-0.00096543,-63.672
-0.68232,0.00060961,-63.649
-0.73732,-0.00036843,-63.645
-0.61148,0.0002067,-63.718
-0.65083,-0.00010249,-63.794
-0.62227,4.0046e-05,-63.523
-0.68879,0,-63.699
-0.65294,0,-63.592
-0.73806,0,-63.592
-0.65749,0,-63.712
-0.70581,0,-63.499
-0.70859,0,-63.657
-0.78982,0,-63.689
-0.67297,0,-63.576
-0.66652,0,-63.639
-0.68734,0,-63.591
-0.7743,0,-63.738
-0.71376,0,-63.527
-0.69199,0,-63.562
-0.70566,0,-63.561
-0.69021,0,-63.399
-0.73241,0,-63.71
-0.61182,0,-63.673
-0.69864,0,-63.689
-0.57402,0,-63.667
-0.43834,0,-63.7
-0.79966,0,-63.723
-0.65713,0,-63.571
-0.7386,0,-63.564
-0.61108,0,-63.723
-0.79304,0,-63.649
-0.61772,0,-63.481
-0.4023,4.4633e-05,-63.579
-0.69603,-0.00011299,-63.771
-0.58798,0.00022673,-63.769
-0.72774,-0.00040296,-63.794
-0.7632,0.00066555,-63.505
-0.64811,-0.001053,-63.628
-0.61159,0.0016408,-63.677
-0.74223,-0.0026139,-63.672
-0.60447,0.0046005,-63.489
-0.64145,-0.011912,-63.669
-0.59066,-0.026427,-63.603
-0.80406,0.0060669,-63.696
-0.657,-0.0031715,-63.692
-0.58512,0.0019435,-63.734
-0.66162,-0.0012438,-63.68
-0.70254,0.00079335,-63.539
-0.68161,-0.00048969,-63.676
-0.56511,0.0002844,-63.749
-0.71117,-0.0001495,-63.713
-0.67158,6.5863e-05,-63.536
-0.64158,0,-63.535
-0.81994,0,-63.562
-0.65789,0,-63.758
-0.73933,0,-63.714
-0.61509,0,-63.657
-0.68463,0,-63.73
-0.59255,0,-63.848
-0.62448,0,-63.708
-0.66322,0,-63.627
-0.70811,0,-63.628
-0.663,0,-63.767
-0.59759,0,-63.687
-0.64344,0,-63.66
-0.71778,0,-63.574
-0.6037,0,-63.561
-0.77267,0,-63.598
-0.62861,0,-63.636
-0.49758,0,-63.62
-0.8555,0,-63.542
-0.72432,0,-63.772
-0.71803,6.7785e-05,-63.678
-0.8195,-0.00015507,-63.584
-0.69609,0.00029618,-63.465
-0.60773,-0.00051121,-63.712
-0.78573,0.00082943,-63.6
-0.47442,-0.0013011,-63.751
-0.70862,0.0020322,-63.675
-0.53266,-0.0033081,-63.626
-0.61648,0.0062737,-63.622
-0.67606,-0.02547,-63.616
-0.68183,-0.013249,-63.626
-0.73341,0.0049834,-63.826
-0.50599,-0.002816,-63.751
-0.67155,0.0017648,-63.483
-0.64627,-0.0011326,-63.703
-0.56681,0.00071649,-63.629
-0.67756,-0.00043457,-63.593
-0.81002,0.00024521,-63.742
-0.67174,-0.0001228,-63.668
-0.78126,4.9028e-05,-63.594
-0.78479,0,-63.621
-0.86412,0,-63.499
-0.65977,0,-63.807
-0.70793,0,-63.677
-0.63639,0,-63.657
-0.64012,0,-63.803
-0.72772,0,-63.669
-0.69997,0,-63.543
-0.67331,0,-63.781
-0.57492,0,-63.614
-0.6977,0,-63.717
-0.4765,0,-63.651
-0.6614,0,-63.651
-0.70593,0,-63.728
-0.4837,0,-63.678
-0.66467,0,-63.846
-0.45586,0,-63.7
-0.80006,0,-63.706
-0.72299,0,-63.752
-0.65607,0,-63.771
-0.6031,0,-63.592
-0.58109,0,-63.421
-0.77275,0,-63.754
-0.61704,0,-63.668
-0.77994,0,-63.647
-0.61509,0,-63.544
-0.50184,0,-63.735
-0.7785,0,-63.577
-0.63835,0,-63.556
-0.76818,0,-63.687
-0.65424,0,-63.603
-0.51328,0,-63.606
-0.71632,0,-63.645
-0.56747,0,-63.542
-0.7413,0,-63.656
-0.69565,0,-63.579
-0.51348,0,-63.69
-0.52363,0,-63.664
-0.67184,0,-63.61
-0.72738,0,-63.633
-0.79807,0,-63.705
-0.74712,0,-63.549
-0.65243,0,-63.524
-0.62548,0,-63.476
-0.65395,0,-63.602
-0.78157,0,-63.501
-0.72461,0,-63.563
-0.74669,0,-63.607
-0.73246,0,-63.566
-0.68724,0,-63.587
-0.64937,0,-63.619
-0.69942,0,-63.604
-0.69341,0,-63.551
-0.78534,0,-63.782
-0.58697,0,-63.517
-0.78901,0,-63.703
-0.69822,0,-63.602
-0.58845,0,-63.579
-0.6159,0,-63.593
-0.73648,0,-63.552
-0.80088,0,-63.7
-0.51785,0,-63.492
-0.63419,0,-63.72
-0.63028,0,-63.699
-0.56129,0,-63.667
-0.68372,0,-63.731
-0.61536,0,-63.637
-0.55355,0,-63.644
-0.71229,0,-63.767
-0.69807,0,-63.66
-0.60898,0,-63.526
-0.62357,0,-63.558
-0.78416,0,-63.647
-0.64434,0,-63.567
-0.56849,0,-63.565
-0.63159,0,-63.678
-0.59488,0,-63.726
-0.69929,6.7545e-05,-63.627
-0.70591,-0.00012158,-63.666
-0.68849,0.00022812,-63.75
-0.58176,-0.00038902,-63.719
-0.61812,0.00062589,-63.87
-0.64764,-0.00097661,-63.752
-0.52877,0.0015223,-63.668
-0.41007,-0.0024837,-63.67
-0.52142,0.004738,-63.602
-0.60485,-0.017533,-63.617
-0.56772,-0.080564,-63.714
-0.53146,0.002021,-63.554
-0.69191,-0.0015339,-63.572
-0.68301,0.0010172,-63.674
-0.57319,-0.00066074,-63.662
-0.69229,0.00041492,-63.679
-0.6576,-0.00024603,-63.617
-0.59891,0.00013303,-63.815
-0.55138,-6.1322e-05,-63.643
-0.71649,8.2991e-05,-63.587
-0.59186,-0.00013674,-63.546
-0.77275,0.00029879,-63.648
-0.79629,-0.0005237,-63.636
-0.56156,0.00085764,-63.803
-0.67168,-0.0013512,-63.632
-0.61847,0.0021064,-63.577
-0.69426,-0.0033847,-63.608
-0.65075,0.0061375,-63.699
-0.64443,-0.018529,-63.677
-0.74788,-0.021029,-63.616
-0.69665,0.0064258,-63.697
-0.75545,-0.0034954,-63.69
-0.84296,0.0021666,-63.601
-0.55502,-0.0013892,-63.707
-0.76255,0.00088311,-63.571
-0.71846,-0.00054099,-63.729
-0.71095,0.00031029,-63.766
-0.69157,-0.00015975,-63.536
-0.70745,6.7545e-05,-63.651
-0.68049,0,-63.665
-0.65384,0,-63.791
-0.71567,0,-63.631
-0.74504,0,-63.609
-0.68843,0,-63.714
-0.69275,0,-63.689
-0.69619,3.5333e-05,-63.603
-0.67276,-9.1457e-05,-63.802
-0.58954,0.00018538,-63.747
-0.67079,-0.00033142,-63.612
-0.64644,0.00054937,-63.548
-0.57657,-0.00087087,-63.774
-0.61995,0.001357,-63.695
-0.53772,-0.0021555,-63.614
-0.68589,0.0037543,-63.625
-0.6597,-0.0092673,-63.708
-0.78108,-0.028115,-63.73
-0.5157,0.005437,-63.637
-0.56527,-0.0026842,-63.614
-0.72271,0.0015158,-63.693
-0.59708,-0.00077014,-63.588
-0.68199,0.00019045,-63.546
-0.58276,0.00033664,-63.68
-0.51925,-0.00089722,-63.687
-0.59421,0.0016194,-63.701
-0.69163,-0.0028208,-63.412
-0.67529,0.0057328,-63.745
-0.60039,-0.0207,-63.691
-0.49364,-0.069084,-63.593
-0.5992,-0.075158,-63.497
-0.74301,0.0061392,-63.614
-0.76482,-0.001883,-63.834
-0.7275,0.000299,-63.53
-0.53512,0.00087346,-63.541
-0.73639,-0.0021571,-63.695
-0.76604,0.0038898,-63.598
-0.75472,-0.0066829,-63.659
-0.88688,0.012722,-63.658
-0.7508,-0.044245,-63.51
-0.6392,-0.034446,-63.593
-0.72219,0.011783,-63.695
-0.67294,-0.0065376,-63.589
-0.83107,0.0040757,-63.808
-0.63918,-0.0026148,-63.724
-0.641,0.0016584,-63.678
-0.69139,-0.0010111,-63.546
-0.62252,0.00076737,-63.521
-0.60471,-0.00072602,-63.62
-0.56895,0.00094323,-63.727
-0.74824,-0.0014148,-63.696
-0.86244,0.0023345,-63.634
-0.66253,-0.0037016,-63.759
-0.72139,0.005836,-63.734
-0.74527,-0.009572,-63.572
-0.72835,0.018309,-63.713
-0.71447,-0.082099,-63.531
-0.74998,-0.031396,-63.647
-0.55708,0.010262,-63.609
-0.63626,-0.0025925,-63.583
-0.71828,-0.0076308,-63.613
-0.63002,-0.028801,-63.685
-0.59966,0.0069862,-63.621
-0.58637,-0.002807,-63.531
-0.66687,0.00019072,-63.688
-0.71272,0.0026274,-63.702
-0.6743,-0.0096643,-63.591
-0.74013,-0.027783,-63.554
-0.66196,0.0062238,-63.686
-0.51353,-0.0032424,-63.581
-0.51805,0.0020076,-63.666
-0.56071,-0.0012785,-63.668
-0.60933,0.00082859,-63.686
-0.71198,-0.00049845,-63.683
-0.62393,0.0002778,-63.779
-0.65669,-0.00029183,-63.626
-0.67947,0.0012779,-63.753
-0.5262,-0.072726,-63.582
-0.58948,-0.23325,-63.5
-0.44834,-0.046875,-63.66
-0.51675,0.01143,-63.47
-0.76474,-0.005755,-63.665
-0.44065,0.0034864,-63.525
-0.80069,-0.0022496,-63.615
-0.64539,0.0014673,-63.693
-0.76451,-0.00093729,-63.657
-0.70666,0.00057074,-63.649
-0.63309,-0.0003068,-63.589
-0.76374,0.00021959,-63.551
-0.776,0,-63.619
-0.53807,0,-63.807
-0.65691,0,-63.726
-0.87712,0,-63.598
-0.68983,0,-63.635
-0.68835,0,-63.702
-0.64201,0,-63.711
-0.72704,0,-63.691
-0.76527,0,-63.525
-0.53099,0,-63.725
-0.76062,0,-63.603
-0.6761,0,-63.647
-0.5944,0,-63.649
-0.7397,0,-63.681
-0.5253,0,-63.532
-0.64633,0,-63.549
-0.65503,0,-63.576
-0.69666,0,-63.726
-0.62243,0,-63.613
-0.78274,0,-63.645
-0.70958,0,-63.604
-0.60454,0,-63.712
-0.69149,0,-63.65
-0.6788,0,-63.709
-0.76761,0,-63.731
-0.61281,0,-63.675
-0.63203,-4.2503e-06,-63.614
-0.4976,0.00011923,-63.604
-0.75486,-0.00028905,-63.609
-0.72363,0.00056849,-63.83
-0.68433,-0.00099876,-63.641
-0.75753,0.0017042,-63.568
-0.77694,-0.0027335,-63.603
-0.68828,0.002182,-63.689
-0.65087,0.063379,-63.643
-0.66768,-0.069562,-63.601
-0.69059,0.17878,-63.668
-0.6017,-0.34277,-63.357
-0.66309,0.53714,-63.85
-0.56839,-0.766,-62.983
-0.59865,1.2286,-64.47
-0.44586,-2.0315,-62.213
-0.99706,4.1216,-66.395
0.031386,-8.3646,-51.964
-0.85895,-66.602,7.0932
-1.1372,-61.513,6.3254
-0.89903,-64.449,7.5308
-1.0899,-62.597,6.6757
-0.94746,-63.536,7.2112
-1.1131,-62.95,6.9276
-1.0548,-63.19,7.0958
-1.1365,-63.044,6.9906
-1.0686,-63.33,7.0359
-1.1194,-63.218,7.0243
-1.1438,-63.25,6.9976
-0.98114,-63.165,7.0045
-1.0426,-63.301,6.9697
-1.0937,-63.262,6.9706
-1.0956,-63.197,6.9757
-1.0247,-63.061,6.9837
-0.99693,-62.998,7.0049
-1.0008,-62.996,6.9982
-0.99988,-63.027,6.9998
-0.99917,-63.009,7.0025
-1.0031,-63.003,6.9934
-1.0356,-63.026,6.9741
-1.059,-63.017,6.9954
-0.99073,-63.034,7.013
-1.0528,-63.075,6.929
-1.1425,-63.1,6.902
-1.1004,-63.089,7.0028
-0.98723,-63.002,7.0071
-1.012,-63.038,6.9684
-1.1459,-63.055,6.9183
-1.061,-62.999,7.0196
-1.0043,-62.997,6.9896
-1.0002,-63.031,7.0063
-0.99957,-63.002,6.996
-1.0003,-63.002,7.0025
-0.99979,-62.994,6.9986
-0.99997,-63.021,7.0008
-1,-63.018,6.9996
-0.99997,-62.996,7.0002
-0.99999,-63,7
-0.99995,-63.003,7
-1,-62.991,7
-0.99993,-63.038,7
-1.0001,-63.037,7
-0.99988,-62.992,7
-1.0002,-63.002,7
-0.99972,-63.031,7
-1.0004,-62.999,7
-0.99936,-63.021,7
-1.0011,-63.017,7
-0.99765,-63.001,7
-1.0106,-63.098,7
-1.1104,-63.022,7
-1.007,-63.012,7
-0.99831,-63.026,7
-1.0005,-62.986,7.0001
-1,-63.032,6.9997
-0.99935,-63.008,7.0006
-1.0013,-62.997,6.999
-0.99772,-63.026,7.0016
-1.0038,-63.013,6.9976
-0.99301,-62.983,7.0038
-1.0336,-63.059,6.9938
-0.9982,-63.021,7.0118
-1.0403,-63.088,6.9474
-1.0819,-63.068,6.9761
-1.0138,-63.009,7.0091
-1.1226,-63.095,6.9948
-1.028,-63.015,7.0032
-0.99851,-62.998,6.9979
-1.0003,-63.008,7.0013
-0.99994,-63.028,6.9993
-0.99981,-62.994,7.0003
-1.0003,-63.002,7.0001
-0.99927,-63,6.9996
-1.0011,-62.998,7.0009
-0.99813,-63.005,6.9986
-1.0033,-63.027,7.0021
-0.9923,-63.002,6.9965
-1.1031,-63.024,7.0064
-1.2603,-63.266,6.9778
-1.0932,-63.286,6.9828
-1.1529,-63.227,7.0059
-1.2221,-63.324,6.9967
-1.1926,-63.206,7.002
-1.1372,-63.119,6.9987
-1.0314,-62.993,7.0008
-1.0889,-63.259,7.0008
-1.0077,-63.057,6.9985
-0.9972,-62.989,7.0009
-1.0002,-63.078,6.9989
-1.0215,-62.951,7.002
-1.17,-63.236,7.0442
-1.2527,-63.356,6.9794
-1.062,-63.032,7.0185
-1.2349,-63.227,7.0822
-1.1775,-63.189,7.0127
-0.95054,-63.027,6.9838
-1.1229,-63.066,7.0942
-0.86569,-63.381,6.9118
-1.3154,-62.695,7.184
-0.68864,-63.734,6.6519
-2.1534,-62.653,7.4263
0.29918,-64.079,6.3858
-3.6035,-61.664,8.5518
6.4385,-64.292,-1.8748
11.756,2.9342,-55.853
-3.9755,10.124,-63.471
4.7599,-5.16,-64.128
1.8964,21.19,-60.746
5.7947,-2.4101,-60.949
2.1445,-3.4624,-62.755
0.041003,1.0491,-64.622
-10.627,-0.87276,-60.622
-2.3531,0.5283,-66.72
-17.643,4.7721,-57.022
-34.836,36.983,-43.653
-54.326,-21.305,-4.778
-61.158,-4.0192,-5.6463
-50.449,-29.431,6.3419
-12.796,-40.26,-45.613
-20.22,-37.871,-41.777
-17.235,-64.149,-27.258
-11.998,-52.798,-19.984
-19.881,-74.07,-17.564
-29.252,1.9873,-0.083658
0.77674,62.094,31.308
1.4928,32.778,43.76
-54.583,-28.106,31.497
-47.544,-12.708,33.002
-45.226,-3.8229,40.395
-63.011,-2.2947,17.228
-47.304,-40.581,19.47
-37.078,-56.68,8.4663
-45.97,-39.122,17.667
-46.368,-32.971,20.148
-41.456,-43.142,30.272
-43.834,-35.828,23.826
-28.188,-52.319,26.102
-55.679,-16.362,-22.128
-50.54,-23.411,-31.878
-55.592,-15.394,-29.316
-57.966,18.535,2.7529
-56.317,13.701,20.783
-50.389,20.846,34.447
-38.709,-30.081,34.153
-33.402,-46.062,30.957
-15.679,-37.759,48.445
-21.331,-32.636,48.222
-11.578,-33.573,50.949
17.235,-45.38,44.408
-20.191,-34.35,47.126
-25.849,-21.366,49.205
10.466,-28.223,53.731
-24.144,-28.244,53.352
-14.139,-26.658,53.559
-19.513,-32.427,53.145
-22.781,-20.016,52.387
-28.844,-26.939,50.25
-54.522,-40.389,21.545
-12.922,20.854,24.029
3.9378,47.131,38.694
-54.214,-12.633,7.7891
-57.989,-26.082,13.991
-55.234,-43.149,0.97856
-55.888,-37.657,-6.4596
-58.598,-30.698,5.0224
-37.764,-58.008,27.203
-49.054,-40.82,5.3036
-49.115,-47.306,17.793
-59.221,-29.475,-5.8087
-50.979,-9.5951,31.334
-45.76,3.5466,3.8121
-58.225,26.503,-27.961
-55.323,22.479,2.0478
-66.461,-1.0953,-13.83
-60.054,10.416,2.4733
-20.744,42.629,25.424
-51.866,7.9546,50.371
-38.682,-5.7333,27.474
-57.461,21.449,-44.955
-38.15,-4.6114,34.885
-52.389,1.4344,30.363
-64.971,-6.8781,-28.576
-39.939,-36.131,-33.999
-44.162,-30.911,-28.682
-18.873,-63.453,-12.227
-36.842,-54.589,4.7648
-51.296,-2.4227,-26.073
-43.972,18.932,-42.713
-49.431,4.5863,-40.518
-51.316,-9.5471,-38.254
-46.362,7.2208,-44.319
-58.941,-16.52,-21.278
-63.903,1.1692,23.561
-58.19,-4.3073,23.12
-59.03,-1.2008,25.781
-64.249,-2.8334,11.784
-60.153,0.70875,27.677
-33.917,-11.068,48.886
-34.714,-35.01,42.662
-36.138,-25.842,45.56
-40.301,-18.273,46.594
-39.342,-15.542,47.335
-32.762,-16.001,51.444
-34.281,-15.561,51.666
-31.311,-4.5076,55.405
-35.056,-6.8327,51.266
-36.43,-9.8185,52.928
-36.775,-3.7065,51.085
-37.546,-5.0607,54.834
-48.166,7.1809,32.515
-68.961,-0.22708,0.35301
-37.355,-7.9158,45.774
-32.807,-11.513,54.904
-58.314,7.803,23.126
-59.478,14.063,22.364
-43.979,29.157,-21.677
-48.282,14.324,-38.043
-32.602,-10.779,51.894
-3.2555,-0.16599,64.6
-42.957,-1.8489,33.927
-59.358,8.4918,23.59
-59.064,9.1969,21.184
-61.365,0.55726,23.603
-48.727,1.4803,42.638
-52.667,1.8742,38.207
-52.588,2.4815,35.84
-63.048,-6.2533,15.712
-60.695,-2.7372,19.96
-59.451,2.3217,28.466
-58.251,2.1312,23.803
-59.924,-5.5032,25.747
-49.053,-6.8451,39.315
-58.551,0.019921,31.173
-55.773,-3.0865,29.11
-59.704,-2.1892,30.798
-57.066,-7.5077,1.4632
-59.527,-10.025,-21.535
-61.784,-1.2542,23.564
-58.941,8.1951,19.149
-50.781,10.894,32.255
-40.981,11.003,48.916
-52.539,17.587,32.215
-54.398,13.381,35.107
-60.575,9.7794,-13.992
-62.565,13.84,0.52708
-58.272,9.9321,-19.842
-58.511,-0.26086,-24.513
-64.891,1.8912,-15.959
-57.721,2.4383,-16.813
-69.617,8.4849,-21.771
-30.27,5.0734,34.175
-4.5892,-4.3878,64.151
-54.852,1.8192,38.061
-59.694,4.3923,11.921
-64.531,0.57399,20.189
-55.168,-9.3543,29.65
-44.55,-16.539,49.312
-52.229,-18.468,20.197
-53.995,-20.953,17.818
-63.732,-10.832,20.879
-41.418,8.9982,34.324
-17.754,6.7594,57.365
-49.986,10.968,44.962
-10.46,4.5388,58.913
-15.356,10.124,60.769
-68.247,-4.289,-7.7156
-41.554,-0.37215,13.44
-5.3184,14.751,70.034
-11.755,15.237,55.904
-38.919,-6.3127,51.98
-35.971,-0.44656,48.648
-43.378,20.533,36
-64.974,-15.474,23.08
-38.559,8.2793,43.225
-41.487,15.916,40.96
-70.535,-5.7906,-0.89329
-17.245,19.835,53.451
18.255,-6.9065,59.621
-3.849,2.2273,62.06
-53.898,-3.5722,26.674
-64.937,-14.855,-16.85
-12.979,5.3919,52.86
-7.6903,-5.3914,60.223
-8.406,1.2568,59.665
-7.4519,5.7061,60.318
-3.5286,21.435,62.585
-35.236,9.274,45.3
-44.491,-26.839,45.583
-50.73,-11.627,20.831
-57.617,-25.132,26.187
-47.205,-2.0858,38.495
-8.0301,15.62,60.405
-21.971,7.5144,57.547
-5.7283,7.4446,59.404
-42.902,-3.7324,44.331
-50.479,-12.577,41.745
-21.336,19.416,56.271
-15.195,22.92,55.859
-23.556,32.352,52.808
-2.3335,17.54,58.17
-32.795,1.3276,51.646
-54.173,-20.03,36.922
-53.074,-4.8158,31.159
-57.594,-4.9967,31.328
-53.404,6.3634,34.201
-61.814,11.132,18.937
-48.49,9.3632,31.079
-48.362,4.8594,37.401
-65.2,9.2598,-26.828
-48.243,-7.9402,26.552
-35.534,-27.278,49.523
-30.241,-26.717,48.81
-27.634,-21.253,51.331
-32.569,-7.3283,53.019
-60.989,-10.389,10.385
-62.776,-9.7833,-3.0814
-57.431,5.3184,26.55
-61.68,-8.053,19.002
-57.921,-6.5424,9.1002
-65.877,-7.2214,-10.743
-60.901,2.7451,22.547
-46.406,2.9411,39.379
-46.18,13.446,35.552
-56.346,25.28,-43.385
-28.412,-10.039,20.008
-0.23866,-10.284,68.969
-20.341,4.1322,56.107
-62.548,-3.1411,13.822
-63.666,0.25676,10.04
-63.728,-8.3506,15.499
-61.905,6.7176,1.8283
-41.651,12.343,47.439
-55.187,22.106,24.926
-49.909,22.311,36.638
-56.11,22.133,22.812
-49.732,22.205,29.334
-52.302,21.928,35.491
-55.274,15.801,16.505
-55.305,11.02,-9.7213
-57.031,6.0493,34.639
-33.019,-4.1425,54.919
-46.364,-20.187,34.914
-60.678,0.16204,9.7586
-41.168,22.94,47.859
-54.933,20.689,23.885
-56.437,20.813,30.159
-57.235,14.788,9.5079
-57.102,12.752,-17.666
-35.821,-1.038,58.894
-49.116,-9.9166,29.593
-57.681,14.032,24.167
-37.766,18.193,52.207
-50.396,16.192,31.341
-47.039,25.358,44.979
-52.554,18.553,-9.7249
-52.194,22.821,-12.455
-55.474,22.105,28.082
-59.148,15.161,27.392
-54.308,20.566,-4.6306
-51.021,22.325,-31.518
-59.468,24.8,15.419
-57.68,25.817,-13.863
-61.383,23.905,5.9079
-42.724,-5.6939,43.076
-29.167,-14.994,57.334
-47.454,-9.6498,37.498
-62.34,-10.106,-1.3876
-51.131,-10.455,-49.313
-49.943,22.802,15.174
-48.225,21.582,-0.44552
-37.73,43.749,-33.536
-7.0196,45.57,47.189
-11.955,39.992,40.631
-5.4778,42.026,42.885
-51.402,-1.8105,-17.075
-63.524,18.298,9.9094
-22.288,45.06,30.986
-26.086,65.176,-5.1116
-14.237,42.682,29.479
-0.40444,11.712,64.876
-1.0985,13.994,61.912
-39.594,17.595,41.92
-58.356,19.56,25.057
-54.259,9.3876,32.238
-56.067,7.5224,28.466
-59.839,17.718,13.926
-56.924,27.656,15.121
-59.369,25.569,3.6651
-60.949,20.713,-4.0227
-62.685,16.47,-2.4828
-61.631,20.555,2.6095
-56.506,23.79,20.089
-46.397,32.178,32.654
-45.662,32.555,24.545
-16.905,22.982,57.596
-43.684,33.17,27.448
-48.013,42.388,-16.73
-48.625,41.568,9.1083
-43.301,47.837,3.5866
-43.938,46.812,6.9291
-43.094,46.718,10.529
-44.153,47.187,1.2533
-37.322,52.017,2.4946
-22.492,58.615,19.522
-31.442,54.702,8.0571
-32.43,56.433,-0.67495
-40.519,49.543,11.314
-39.998,32.293,34.532
-54.751,24.526,26.063
-65.794,16.791,-13.837
-41.56,41.726,-1.3474
-56.636,4.1066,4.4368
-68.314,-8.9083,6.3999
-29.998,15.316,46.457
-47.512,24.661,30.823
23.563,35.954,41.082
-15.455,8.1214,25.272
-46.203,-15.006,44.021
-31.502,-15.266,51.732
-34.83,-28.129,49.69
-44.198,7.381,41.881
-69.216,-14.833,-5.1193
-57.358,-2.4105,5.288
-35.834,-14.165,47.774
-24.015,-17.913,55.134
-13.959,-27.999,53.766
-22.176,-22.503,48.217
-50.416,-21.469,-8.4539
-28.781,-60.009,-13.045
-43.583,-55.205,15.404
-56.169,-10.929,-12.227
-48.043,-34.739,20.096
-49.525,-54.728,-10.018
-38.262,-12.32,-14.377
-38.969,8.4011,39.023
-63.204,-2.9446,24.635
-55.357,8.8229,-18.678
-60.364,23.806,1.8634
-57.994,20.916,15.993
-55.556,31.02,4.7222
-43.569,32.638,32.85
-52.847,28.089,20.531
-31.149,27.144,40.744
-61.438,27.783,5.1268
-38.193,42.735,22.148
-32.323,38.565,36.849
-45.101,-8.8019,40.868
-56.447,3.1806,16.674
-62.344,24.083,-9.8379
-47.284,21.641,41.328
-50.352,32.09,-3.7515
-25.574,34.818,44.472
-55.563,20.234,-5.5923
-59.003,0.4192,10.423
-41.863,18.507,48.55
-35.756,56.745,-3.0931
-20.836,28.71,46.669
-14.327,39.997,43.784
-22.859,26.685,47.593
-15.499,10.369,55.538
-55.91,34.999,25.642
10.404,-21.699,63.448
-46.878,4.6707,15.162
-35.396,30.419,13.918
46.021,-12.857,52.241
-1.0314,5.736,57.912
15.041,7.2107,65.915
-17.573,16.176,51.138
-48.659,2.2183,46.581
-51.495,10.471,38.028
0.67179,-6.031,51.684
-21.144,-18.975,53.186
21.5,-7.7779,59.787
-7.5843,-16.572,49.225
-58.48,-2.0742,28.063
-38.42,-23.24,50.325
-42.594,3.3479,36.595
10.65,-18.157,54.305
-9.8477,-8.5884,58.675
6.0252,7.2383,63.508
6.5279,4.255,60.658
-41.429,10.418,43.591
-52.81,-3.2688,43.214
-44.272,9.9365,43.691
-19.476,3.896,55.277
8.0469,-13.058,60.313
-22.435,-11.45,40.197
-62.359,-2.3877,34.043
-41.909,-16.06,45.672
-63.324,-3.4635,10.726
-18.175,0.031519,34.873
5.6465,-10.782,62.678
6.48,-0.78454,57.186
16.324,1.1453,66.989
-40.558,10.789,29.648
-70.263,0.22824,-16.001
-58.194,-5.4963,15.428
-47.417,9.3349,41.907
-11.516,-5.7084,52.182
-12.975,9.1956,56.161
6.1861,39.53,52.704
-17.366,38.002,44.256
-48.606,-0.54089,39.183
-54.78,-5.9379,42.531
-7.4306,8.2235,52.333
3.8927,11.118,58.264
-29.028,33.763,51.536
-23.864,22.256,52.625
-37.964,20.777,48.977
-50.121,13.684,37.406
-61.42,4.8973,20.654
-54.925,3.8286,33.505
-51.219,5.5186,37.749
-52.572,9.8824,34.328
-57.478,4.6457,28.772
-60.962,-11.491,29.582
-45.898,11.552,35.411
0.21641,-12.321,56.24
-12.263,-14.649,51.624
-6.5658,-10.211,57.8
-29.215,-10.456,47.969
-17.112,-8.6814,53.998
-6.5028,-0.77913,63.171
0.98585,-2.638,62.89
-15.389,6.2196,55.052
-62.907,4.328,27.832
-52.251,-15.979,34.804
-59.84,7.4445,-5.3618
-16.664,-3.2993,45.992
-9.8474,-16.31,56.97
-9.1273,-7.813,58.885
6.0027,-5.8368,62.188
12.469,-4.7914,63.285
2.1715,5.9447,59.975
-7.2134,33.581,57.812
-31.238,31.402,38.37
-58.673,12.165,29.64
-59.899,-0.38899,24.788
-49.129,8.6313,40.573
-44.551,6.2978,31.341
-71.883,13.942,7.959
-11.634,4.1392,54.628
15.033,-16.36,58.506
-4.7939,-12.53,58.222
-14.523,-13.899,56.848
-27.136,-7.2143,49.834
-20.954,-3.0119,50.375
-26.653,-3.92,49.892
-16.207,-4.7377,54.534
-16.921,-8.5639,55.144
-17.489,-6.4372,55.005
4.1287,-2.0876,64.263
-30.62,0.50224,48.77
-40.117,-3.8573,41.188
-30.323,3.0656,32.999
-67.379,4.2031,-9.273
-62.166,0.20014,6.9829
-66.818,8.0826,9.5012
-46.168,10.833,42.846
-42.761,5.09,31.647
-60.925,6.4922,14.978
-59.475,2.8112,33.179
-47.843,3.211,31.565
-5.9759,-39.408,59.229
-26.573,4.9637,40.706
-15.429,17.68,42.667
-40.785,0.71759,51.56
-37.807,14.176,41.442
-18.45,23.871,56.208
-30.064,31.437,39.066
-28.101,40.563,41.169
-17.519,32.534,42.623
-25.293,62.012,13.362
-15.319,13.669,56.407
1.4573,0.68704,60.701
7.2435,-1.0979,60.642
12.537,-7.1662,60.145
4.6058,-7.65,61.694
-1.157,-20.548,60.232
11.975,-31.456,55.472
-21.413,-19.259,46.756
-61.004,3.6243,36.482
-34.704,9.5407,47.573
-5.3031,-9.196,64.885
-5.8318,13.043,56.564
34.6,28.111,44.585
23.397,23.533,52.879
16.592,24.049,55.417
10.37,22.421,57.526
14.521,18.861,57.584
11.697,12.174,60.528
12.311,17.308,58.771
4.1463,6.8294,60.669
-4.4858,-15.031,62.986
-8.5712,-11.088,60.933
-16.859,-7.2303,60.139
-12.009,-11.45,60.444
-13.061,-31.803,47.22
-41.825,-28.991,48.283
-52.589,27.351,3.623
-43.714,27.639,29.104
-16.091,-4.576,62.804
-43.904,-5.2904,44.387
-53.635,3.2334,32.743
-32.066,54.349,15.427
-27.412,24.546,51.4
-1.7867,-4.7538,63.197
-10.395,-4.3272,58.302
-67.931,-3.2056,26.712
-31.297,37.332,27.964
-31.574,45.803,30.362
-44.058,5.3614,41.631
-62.272,7.1578,-2.7479
-39.527,12.605,-49.923
-29.576,44.877,-27.716
-36.824,50.01,-15.15
-32.158,54.394,-3.714
-39.648,44.366,-26.533
-32.514,52.871,-11.959
-29.664,34.173,38.978
-42.752,3.9851,46.754
-52.907,6.515,-40.834
-37.466,29.721,-26.96
-35.764,57.261,-14.308
-44.037,36.426,-23.091
-39.135,46.413,-36.143
-42.583,6.4323,-6.3021
-16.732,-55.803,40.091
-44.047,-49.07,19.39
-26.251,6.9484,20.403
-40.848,11.938,-24.098
-69.024,-15.558,-13.412
-59.262,-3.6914,-7.6539
-64.175,-10.196,-6.7663
-53.992,-10.653,-17.686
-57.001,-11.412,-31.303
-56.836,-8.4042,-25.257
-61.377,-6.8683,-16.236
-56.436,-8.4143,-27.522
-53.537,-8.9502,-32.375
-60.257,-9.5369,-24.638
-55.898,-5.3247,-23.254
-61.265,15.471,6.6544
-34.526,37.559,9.6776
-69.717,-21.275,16.967
-35.261,15.072,14.103
1.0502,-18.253,47.575
-5.0215,-35.906,52.391
-11.642,-5.7035,60.419
-12.928,-21.62,58.135
-6.9984,-18.458,58.959
4.4107,-23.964,59.29
-13.699,-26.665,53.283
-30.104,-27.501,49.378
-8.3432,-26.338,56.705
-5.9768,-31.641,53.842
-39.444,-32.137,39.784
-15.608,-29.104,53.729
-17.226,-37.99,45.13
-26.526,-38.55,37.819
-24.722,-37.484,42.383
-14.164,-38.567,48.272
-41.483,-46.008,15.358
-25.508,-38.344,35.605
-23.781,-45.266,36.527
-27.023,-45.701,31.061
-25.743,-43.946,40.553
-32.048,-36.505,38.612
-22.719,-37.051,42.932
-19.653,-35.265,50.506
-42.717,-32.642,35.793
-38.5,-30.879,36.28
-41.661,-33.791,33.291
-9.1513,-33.202,51.261
-9.4837,-25.309,56.482
-31.311,-38.624,39.641
-28.8,-37.795,40.612
-41.423,-40.219,31.529
-32.774,-37.523,35.525
-20.929,-46.172,38.836
-31.435,-39.897,35.797
-19.894,-36.917,48.602
-37.073,-27.228,41.778
-27.957,-23.023,44.511
-12.642,-25.478,50.892
-36.718,-21.247,36.577
-40.974,-24.592,41.495
-10.812,-15.139,57.336
-22.184,-19.407,50.134
-34.997,-22.673,50.698
-40.45,-25.368,40.966
-30.075,-28.634,46.537
-25.924,-24.192,44.889
-37.653,-40.258,37.469
-45.793,-15.154,26.533
-58.45,19.834,-8.9561
-52.115,12.25,-1.8436
-56.219,15.193,-1.5449
-58.852,11.852,12.494
-63.274,13.487,4.6735
-54.916,14.112,9.7642
-54.202,15.717,2.1052
-53.418,14.732,6.615
-61.103,16.184,17.154
-56.498,20.529,26.297
-62.123,17.855,2.9972
-47.76,11.823,19.857
-25.967,-25.327,52.766
-45.085,-40.377,18.527
-47.261,-37.143,19.771
-22.453,-35.049,46.061
-18.757,-38.279,45.585
-33.77,-40.854,28.932
-36.839,-42.38,24.289
-39.342,-37.39,37.359
-36.963,-23.63,45.722
-27.883,-23.768,49.958
-31.905,-41.227,32.54
-42.098,-39.647,25.518
-34.01,-40.22,29.157
-46.736,-46.499,-6.333
-37.705,-32.302,42.268
-39.316,-33.484,23.088
-43.697,-41.099,8.2296
-27.748,-53.35,-13.895
-28.54,-42.065,4.6218
-30.765,-50.266,-3.369
-42.263,-29.806,-14.371
-37.334,-42.3,25.183
-45.765,-37.919,-4.1167
-29.104,-45.771,22.982
-48.065,-41.191,-30.784
-50.216,-31.953,25.018
-44.58,-26.214,33.288
-65.123,-19.304,16.292
-21.998,-27.231,42.23
5.1954,-30.569,53.228
-62.596,-13.661,10.799
-58.965,8.86,24.001
-59.05,7.8661,24.094
-43.524,16.381,44.614
-50.583,14.354,35.185
-29.131,7.0725,59.808
-40.523,9.2389,40.491
-57.31,12.945,7.1605
-46.658,14.388,43.018
-42.975,8.9391,47.97
-50.214,12.504,36.935
-46.805,13.132,44.923
-55.405,12.604,-12.973
-56.034,15.879,9.2675
-51.597,11.409,44.507
-62.67,13.979,-2.2518
-62.546,10.42,25.143
-50.819,15.234,-21.05
-42.187,7.8813,-50.981
-53.447,5.7968,-32.471
-57.664,22.021,-10.498
-61.224,25.052,-1.3263
-59.831,15.353,13.729
-63.84,18.755,7.994
-60.272,-6.3954,15.362
-66.191,6.7144,2.136
-32.784,-20.445,40.913
-14.886,-16.75,49.746
-45.751,-37.62,30.119
-35.227,6.7396,15.662
-34.069,43.452,32.789
-54.821,0.49901,37.422
-45.359,8.32,44.579
-41.799,36.978,27.333
-32.351,55.078,16.584
-20.578,51.146,30.836
-19.921,55.529,25.694
-20.244,57.675,22.696
-12.798,49.579,37.252
5.0951,21.037,58.164
-2.7392,28.216,57.126
27.44,18.341,53.77
4.602,14.391,57.782
-0.57145,16.613,60.673
-2.5109,13.599,54.4
-53.484,1.1352,45.456
-16.956,-11.157,59.819
-3.9683,-3.0593,58.051
14.939,0.46661,64.162
-25.145,45.447,29.462
-44.962,35.687,27.132
-46.174,37.104,14.922
-56.495,37.343,-8.0153
-57.431,27.523,-3.2394
-59.288,27.871,0.78393
-59.023,25.984,6.5387
-58.534,26.482,5.6694
-60.403,24.767,10.346
-57.904,24.898,3.5022
-61.236,28.226,13.24
-49.388,22.582,-17.653
-39.623,21.869,-44.378
-39.28,-9.3897,-46.309
-36.595,-10.558,-45.628
-37.596,-13.159,-44.542
-43.038,-15.556,-37.577
-42.117,-13.818,-45.578
-57.677,-4.8732,-0.18416
-29.559,32.095,30.189
-37.758,53.575,12.419
-64.724,-17.352,5.4257
-42.051,9.3895,-9.7796
-35.32,16.187,44.964
-33.242,-17.334,36.235
-58.389,3.7869,-32.04
-51.911,5.0677,-29.202
