-2161,0.0057236
-2160,-0.0035572
-2159,-8.0286e-05
-2158,-0.0039897
-2157,-0.0028866
-2156,-0.0051133
-2155,-0.0048219
-2154,-0.0063707
-2153,-0.0068285
-2152,-0.0079992
-2151,-0.008801
-2150,-0.0094995
-2149,-0.010804
-2148,-0.011516
-2147,-0.01219
-2146,-0.013254
-2145,-0.014209
-2144,-0.014779
-2143,-0.015344
-2142,-0.016484
-2141,-0.017484
-2140,-0.018141
-2139,-0.019079
-2138,-0.020133
-2137,-0.021126
-2136,-0.021987
-2135,-0.022068
-2134,-0.023113
-2133,-0.023722
-2132,-0.024897
-2131,-0.02571
-2130,-0.027621
-2129,-0.02838
-2128,-0.03224
-2127,-0.030827
-2126,-0.032687
-2125,-0.033052
-2124,-0.034121
-2123,-0.035221
-2122,-0.035224
-2121,-0.036156
-2120,-0.03654
-2119,-0.038223
-2118,-0.037839
-2117,-0.038715
-2116,-0.039399
-2115,-0.040114
-2114,-0.040132
-2113,-0.04091
-2112,-0.041377
-2111,-0.041902
-2110,-0.043252
-2109,-0.043531
-2108,-0.044715
-2107,-0.045939
-2106,-0.046181
-2105,-0.047253
-2104,-0.047939
-2103,-0.048699
-2102,-0.049053
-2101,-0.049431
-2100,-0.05013
-2099,-0.051086
-2098,-0.051227
-2097,-0.051893
-2096,-0.05251
-2095,-0.053081
-2094,-0.05317
-2093,-0.053634
-2092,-0.054091
-2091,-0.054798
-2090,-0.055064
-2089,-0.055331
-2088,-0.055683
-2087,-0.055842
-2086,-0.056119
-2085,-0.056295
-2084,-0.056536
-2083,-0.056786
-2082,-0.057393
-2081,-0.057443
-2080,-0.058427
-2079,-0.058193
-2078,-0.058708
-2077,-0.059167
-2076,-0.06006
-2075,-0.061293
-2074,-0.060915
-2073,-0.060461
-2072,-0.061167
-2071,-0.061261
-2070,-0.061462
-2069,-0.061941
-2068,-0.061804
-2067,-0.062089
-2066,-0.062441
-2065,-0.062331
-2064,-0.063155
-2063,-0.062894
-2062,-0.063031
-2061,-0.063371
-2060,-0.063605
-2059,-0.063751
-2058,-0.06412
-2057,-0.064289
-2056,-0.064408
-2055,-0.065561
-2054,-0.065611
-2053,-0.064675
-2052,-0.064875
-2051,-0.064978
-2050,-0.065458
-2049,-0.06511
-2048,-0.065165
-2047,-0.065126
-2046,-0.065843
-2045,-0.06659
-2044,-0.065153
-2043,-0.065714
-2042,-0.064946
-2041,-0.065309
-2040,-0.065178
-2039,-0.065326
-2038,-0.065098
-2037,-0.065302
-2036,-0.065958
-2035,-0.065833
-2034,-0.065924
-2033,-0.066292
-2032,-0.065252
-2031,-0.065742
-2030,-0.068428
-2029,-0.06759
-2028,-0.067376
-2027,-0.068491
-2026,-0.066976
-2025,-0.068662
-2024,-0.067949
-2023,-0.068478
-2022,-0.068572
-2021,-0.068606
-2020,-0.068936
-2019,-0.069015
-2018,-0.069678
-2017,-0.06969
-2016,-0.06955
-2015,-0.069965
-2014,-0.070431
-2013,-0.070143
-2012,-0.070535
-2011,-0.070535
-2010,-0.070288
-2009,-0.07041
-2008,-0.070322
-2007,-0.070119
-2006,-0.069841
-2005,-0.06982
-2004,-0.069726
-2003,-0.069806
-2002,-0.069454
-2001,-0.070008
-2000,-0.070186
-1999,-0.070183
-1998,-0.070145
-1997,-0.070026
-1996,-0.069612
-1995,-0.069577
-1994,-0.069763
-1993,-0.069285
-1992,-0.069877
-1991,-0.069686
-1990,-0.069877
-1989,-0.069677
-1988,-0.069917
-1987,-0.07018
-1986,-0.070553
-1985,-0.070487
-1984,-0.070483
-1983,-0.070514
-1982,-0.070721
-1981,-0.070404
-1980,-0.07072
-1979,-0.070325
-1978,-0.070698
-1977,-0.070579
-1976,-0.07023
-1975,-0.070127
-1974,-0.069862
-1973,-0.070238
-1972,-0.069703
-1971,-0.070305
-1970,-0.069881
-1969,-0.069921
-1968,-0.069486
-1967,-0.07008
-1966,-0.0703
-1965,-0.069448
-1964,-0.069582
-1963,-0.069202
-1962,-0.069551
-1961,-0.069404
-1960,-0.069186
-1959,-0.068989
-1958,-0.06906
-1957,-0.068953
-1956,-0.068806
-1955,-0.068538
-1954,-0.06791
-1953,-0.067719
-1952,-0.067928
-1951,-0.068023
-1950,-0.06829
-1949,-0.067903
-1948,-0.067297
-1947,-0.067411
-1946,-0.067824
-1945,-0.066028
-1944,-0.06587
-1943,-0.066584
-1942,-0.066398
-1941,-0.066867
-1940,-0.067537
-1939,-0.067461
-1938,-0.066805
-1937,-0.067415
-1936,-0.067313
-1935,-0.068197
-1934,-0.068958
-1933,-0.066396
-1932,-0.067142
-1931,-0.066372
-1930,-0.066803
-1929,-0.066674
-1928,-0.066465
-1927,-0.066104
-1926,-0.066029
-1925,-0.065601
-1924,-0.065071
-1923,-0.065149
-1922,-0.064794
-1921,-0.064957
-1920,-0.065149
-1919,-0.066568
-1918,-0.065029
-1917,-0.088366
-1916,-0.072217
-1915,-0.073741
-1914,-0.073879
-1913,-0.073367
-1912,-0.073659
-1911,-0.074088
-1910,-0.074779
-1909,-0.07525
-1908,-0.074911
-1907,-0.075992
-1906,-0.076214
-1905,-0.076515
-1904,-0.075442
-1903,-0.074064
-1902,-0.07408
-1901,-0.072561
-1900,-0.073572
-1899,-0.073451
-1898,-0.074468
-1897,-0.075836
-1896,-0.074694
-1895,-0.077256
-1894,-0.072651
-1893,-0.073558
-1892,-0.072079
-1891,-0.072288
-1890,-0.071604
-1889,-0.072917
-1888,-0.07143
-1887,-0.071332
-1886,-0.071027
-1885,-0.07043
-1884,-0.070162
-1883,-0.069383
-1882,-0.069549
-1881,-0.068132
-1880,-0.067548
-1879,-0.067106
-1878,-0.065933
-1877,-0.064522
-1876,-0.063891
-1875,-0.063144
-1874,-0.062764
-1873,-0.061966
-1872,-0.060383
-1871,-0.059894
-1870,-0.059832
-1869,-0.058653
-1868,-0.058618
-1867,-0.057455
-1866,-0.055908
-1865,-0.05538
-1864,-0.054256
-1863,-0.053283
-1862,-0.053336
-1861,-0.052534
-1860,-0.052041
-1859,-0.051922
-1858,-0.051971
-1857,-0.050956
-1856,-0.050315
-1855,-0.048994
-1854,-0.047909
-1853,-0.046949
-1852,-0.046666
-1851,-0.045306
-1850,-0.044988
-1849,-0.04453
-1848,-0.044026
-1847,-0.043124
-1846,-0.04226
-1845,-0.040883
-1844,-0.039581
-1843,-0.038646
-1842,-0.037588
-1841,-0.037666
-1840,-0.037039
-1839,-0.036197
-1838,-0.035918
-1837,-0.035358
-1836,-0.03489
-1835,-0.034964
-1834,-0.034571
-1833,-0.033633
-1832,-0.033038
-1831,-0.030105
-1830,-0.030817
-1829,-0.031637
-1828,-0.03061
-1827,-0.030113
-1826,-0.030017
-1825,-0.029484
-1824,-0.029132
-1823,-0.028437
-1822,-0.027718
-1821,-0.027824
-1820,-0.026696
-1819,-0.026151
-1818,-0.026223
-1817,-0.026222
-1816,-0.026274
-1815,-0.02607
-1814,-0.025329
-1813,-0.025689
-1812,-0.025118
-1811,-0.024323
-1810,-0.023313
-1809,-0.023167
-1808,-0.023268
-1807,-0.022554
-1806,-0.022364
-1805,-0.021808
-1804,-0.022209
-1803,-0.022203
-1802,-0.022043
-1801,-0.021529
-1800,-0.022095
-1799,-0.022006
-1798,-0.021027
-1797,-0.022024
-1796,-0.02118
-1795,-0.020847
-1794,-0.020638
-1793,-0.020755
-1792,-0.021318
-1791,-0.020581
-1790,-0.019415
-1789,-0.019555
-1788,-0.019048
-1787,-0.019071
-1786,-0.019469
-1785,-0.019283
-1784,-0.02149
-1783,-0.021276
-1782,-0.02026
-1781,-0.020356
-1780,-0.020997
-1779,-0.020892
-1778,-0.02103
-1777,-0.02152
-1776,-0.020633
-1775,-0.021816
-1774,-0.021174
-1773,-0.020949
-1772,-0.022173
-1771,-0.020376
-1770,-0.021133
-1769,-0.020775
-1768,-0.020963
-1767,-0.022409
-1766,-0.023832
-1765,-0.024471
-1764,-0.025545
-1763,-0.038288
-1762,-0.026456
-1761,-0.02792
-1760,-0.026623
-1759,-0.027089
-1758,-0.027031
-1757,-0.027502
-1756,-0.02753
-1755,-0.028165
-1754,-0.028499
-1753,-0.029018
-1752,-0.029287
-1751,-0.029669
-1750,-0.03005
-1749,-0.030309
-1748,-0.030051
-1747,-0.030137
-1746,-0.029806
-1745,-0.030355
-1744,-0.030659
-1743,-0.031936
-1742,-0.030555
-1741,-0.035051
-1740,-0.029611
-1739,-0.040766
-1738,-0.027637
-1737,-0.10893
-1736,-0.077492
-1735,-0.053818
-1734,-0.069038
-1733,-0.059437
-1732,-0.066554
-1731,-0.062101
-1730,-0.066667
-1729,-0.064092
-1728,-0.067075
-1727,-0.066515
-1726,-0.067039
-1725,-0.065849
-1724,-0.06651
-1723,-0.06765
-1722,-0.067619
-1721,-0.068051
-1720,-0.068258
-1719,-0.069507
-1718,-0.068577
-1717,-0.067988
-1716,-0.070445
-1715,-0.070545
-1714,-0.070382
-1713,-0.071044
-1712,-0.070894
-1711,-0.071412
-1710,-0.070375
-1709,-0.072212
-1708,-0.073197
-1707,-0.073233
-1706,-0.075178
-1705,-0.074366
-1704,-0.074547
-1703,-0.074055
-1702,-0.074174
-1701,-0.075938
-1700,-0.075321
-1699,-0.075612
-1698,-0.074413
-1697,-0.07215
-1696,-0.075203
-1695,-0.075546
-1694,-0.076851
-1693,-0.07814
-1692,-0.077295
-1691,-0.075484
-1690,-0.075106
-1689,-0.077171
-1688,-0.078094
-1687,-0.080129
-1686,-0.076837
-1685,-0.075997
-1684,-0.076044
-1683,-0.074695
-1682,-0.075775
-1681,-0.076854
-1680,-0.077203
-1679,-0.078725
-1678,-0.078706
-1677,-0.077494
-1676,-0.079727
-1675,-0.07893
-1674,-0.076639
-1673,-0.075081
-1672,-0.074707
-1671,-0.074936
-1670,-0.07478
-1669,-0.076326
-1668,-0.076261
-1667,-0.075704
-1666,-0.073091
-1665,-0.071466
-1664,-0.069698
-1663,-0.067361
-1662,-0.068318
-1661,-0.06871
-1660,-0.067139
-1659,-0.070536
-1658,-0.068621
-1657,-0.069988
-1656,-0.06799
-1655,-0.066486
-1654,-0.067827
-1653,-0.06625
-1652,-0.065444
-1651,-0.057693
-1650,-0.059031
-1649,-0.067193
-1648,-0.065585
-1647,-0.063779
-1646,-0.063316
-1645,-0.063457
-1644,-0.063419
-1643,-0.063869
-1642,-0.062695
-1641,-0.062931
-1640,-0.061676
-1639,-0.059981
-1638,-0.061068
-1637,-0.062393
-1636,-0.061917
-1635,-0.06122
-1634,-0.059441
-1633,-0.061512
-1632,-0.06211
-1631,-0.059238
-1630,-0.05702
-1629,-0.058298
-1628,-0.057114
-1627,-0.054443
-1626,-0.054539
-1625,-0.052539
-1624,-0.055872
-1623,-0.057315
-1622,-0.057595
-1621,-0.056643
-1620,-0.055883
-1619,-0.056488
-1618,-0.056551
-1617,-0.056884
-1616,-0.056489
-1615,-0.057228
-1614,-0.056442
-1613,-0.056395
-1612,-0.05539
-1611,-0.054315
-1610,-0.052076
-1609,-0.050601
-1608,-0.051534
-1607,-0.052889
-1606,-0.053419
-1605,-0.053015
-1604,-0.054909
-1603,-0.054841
-1602,-0.054885
-1601,-0.052758
-1600,-0.054257
-1599,-0.056918
-1598,-0.055883
-1597,-0.057025
-1596,-0.056733
-1595,-0.058517
-1594,-0.058103
-1593,-0.057729
-1592,-0.058024
-1591,-0.05723
-1590,-0.05684
-1589,-0.05628
-1588,-0.056131
-1587,-0.05457
-1586,-0.055971
-1585,-0.055988
-1584,-0.054335
-1583,-0.054489
-1582,-0.053542
-1581,-0.053258
-1580,-0.052876
-1579,-0.051475
-1578,-0.05239
-1577,-0.052553
-1576,-0.053106
-1575,-0.051212
-1574,-0.052795
-1573,-0.053342
-1572,-0.054312
-1571,-0.057414
-1570,-0.056555
-1569,-0.057063
-1568,-0.056772
-1567,-0.056677
-1566,-0.056405
-1565,-0.055692
-1564,-0.055427
-1563,-0.056039
-1562,-0.056541
-1561,-0.056456
-1560,-0.054745
-1559,-0.054103
-1558,-0.053721
-1557,-0.054309
-1556,-0.053148
-1555,-0.053633
-1554,-0.053482
-1553,-0.05225
-1552,-0.053213
-1551,-0.054143
-1550,-0.055686
-1549,-0.055196
-1548,-0.054258
-1547,-0.054794
-1546,-0.054724
-1545,-0.055469
-1544,-0.055833
-1543,-0.056578
-1542,-0.057764
-1541,-0.057813
-1540,-0.057837
-1539,-0.057962
-1538,-0.057263
-1537,-0.05641
-1536,-0.055584
-1535,-0.05765
-1534,-0.057872
-1533,-0.05751
-1532,-0.057166
-1531,-0.056036
-1530,-0.056947
-1529,-0.057604
-1528,-0.057876
-1527,-0.05787
-1526,-0.057595
-1525,-0.057527
-1524,-0.057831
-1523,-0.0597
-1522,-0.061062
-1521,-0.060689
-1520,-0.062609
-1519,-0.065843
-1518,-0.064809
-1517,-0.061712
-1516,-0.068953
-1515,-0.072059
-1514,-0.073533
-1513,-0.07313
-1512,-0.071792
-1511,-0.069378
-1510,-0.060351
-1509,-0.065948
-1508,-0.070791
-1507,-0.071919
-1506,-0.072252
-1505,-0.07117
-1504,-0.070906
-1503,-0.071669
-1502,-0.067554
-1501,-0.066713
-1500,-0.069211
-1499,-0.069871
-1498,-0.07101
-1497,-0.071569
-1496,-0.072097
-1495,-0.071098
-1494,-0.071181
-1493,-0.07256
-1492,-0.073017
-1491,-0.074438
-1490,-0.074224
-1489,-0.076681
-1488,-0.081047
-1487,-0.087042
-1486,-0.087352
-1485,-0.082727
-1484,-0.089162
-1483,-0.084626
-1482,-0.088418
-1481,-0.086177
-1480,-0.077629
-1479,-0.089226
-1478,-0.096657
-1477,-0.092146
-1476,-0.091976
-1475,-0.084662
-1474,-0.084232
-1473,-0.084048
-1472,-0.084933
-1471,-0.084835
-1470,-0.086358
-1469,-0.08662
-1468,-0.086214
-1467,-0.08698
-1466,-0.087454
-1465,-0.086596
-1464,-0.087347
-1463,-0.087349
-1462,-0.086555
-1461,-0.085216
-1460,-0.083271
-1459,-0.081151
-1458,-0.080847
-1457,-0.08432
-1456,-0.086968
-1455,-0.086068
-1454,-0.083852
-1453,-0.085
-1452,-0.083916
-1451,-0.081621
-1450,-0.081358
-1449,-0.082302
-1448,-0.083402
-1447,-0.083474
-1446,-0.083811
-1445,-0.082933
-1444,-0.082536
-1443,-0.082466
-1442,-0.082999
-1441,-0.083369
-1440,-0.083358
-1439,-0.083232
-1438,-0.083602
-1437,-0.084676
-1436,-0.08371
-1435,-0.085177
-1434,-0.084472
-1433,-0.082933
-1432,-0.084092
-1431,-0.083074
-1430,-0.0838
-1429,-0.084622
-1428,-0.082852
-1427,-0.08457
-1426,-0.085855
-1425,-0.08624
-1424,-0.087075
-1423,-0.085718
-1422,-0.086103
-1421,-0.085981
-1420,-0.085231
-1419,-0.08663
-1418,-0.086626
-1417,-0.085639
-1416,-0.084862
-1415,-0.085524
-1414,-0.083531
-1413,-0.082279
-1412,-0.083591
-1411,-0.083213
-1410,-0.082976
-1409,-0.083229
-1408,-0.083294
-1407,-0.083485
-1406,-0.084663
-1405,-0.084122
-1404,-0.084325
-1403,-0.08479
-1402,-0.082112
-1401,-0.080402
-1400,-0.081541
-1399,-0.081916
-1398,-0.082269
-1397,-0.083278
-1396,-0.084035
-1395,-0.08361
-1394,-0.083878
-1393,-0.084657
-1392,-0.085326
-1391,-0.085099
-1390,-0.084872
-1389,-0.086201
-1388,-0.085998
-1387,-0.085882
-1386,-0.085996
-1385,-0.087732
-1384,-0.087424
-1383,-0.087906
-1382,-0.088394
-1381,-0.087715
-1380,-0.08764
-1379,-0.087669
-1378,-0.08597
-1377,-0.087177
-1376,-0.086697
-1375,-0.085547
-1374,-0.086909
-1373,-0.086587
-1372,-0.087875
-1371,-0.088401
-1370,-0.088392
-1369,-0.088497
-1368,-0.088663
-1367,-0.088338
-1366,-0.090221
-1365,-0.09204
-1364,-0.091927
-1363,-0.093495
-1362,-0.092729
-1361,-0.09256
-1360,-0.092465
-1359,-0.091519
-1358,-0.090838
-1357,-0.089882
-1356,-0.089078
-1355,-0.089474
-1354,-0.090128
-1353,-0.090657
-1352,-0.091417
-1351,-0.090332
-1350,-0.091108
-1349,-0.092278
-1348,-0.092694
-1347,-0.092907
-1346,-0.093066
-1345,-0.093301
-1344,-0.093537
-1343,-0.093675
-1342,-0.09227
-1341,-0.091115
-1340,-0.092393
-1339,-0.092165
-1338,-0.09161
-1337,-0.091769
-1336,-0.092393
-1335,-0.09169
-1334,-0.090842
-1333,-0.090621
-1332,-0.089449
-1331,-0.089198
-1330,-0.089197
-1329,-0.089224
-1328,-0.088455
-1327,-0.088354
-1326,-0.088917
-1325,-0.088903
-1324,-0.090464
-1323,-0.092271
-1322,-0.09141
-1321,-0.093178
-1320,-0.091946
-1319,-0.091137
-1318,-0.09129
-1317,-0.092666
-1316,-0.091691
-1315,-0.087454
-1314,-0.08877
-1313,-0.089624
-1312,-0.091283
-1311,-0.091731
-1310,-0.092875
-1309,-0.093795
-1308,-0.095152
-1307,-0.096814
-1306,-0.097881
-1305,-0.10012
-1304,-0.10015
-1303,-0.10097
-1302,-0.10249
-1301,-0.10298
-1300,-0.10583
-1299,-0.10628
-1298,-0.10763
-1297,-0.11005
-1296,-0.11004
-1295,-0.11281
-1294,-0.11291
-1293,-0.11313
-1292,-0.11521
-1291,-0.11841
-1290,-0.12174
-1289,-0.12282
-1288,-0.12265
-1287,-0.1251
-1286,-0.12607
-1285,-0.12714
-1284,-0.12795
-1283,-0.129
-1282,-0.12926
-1281,-0.1301
-1280,-0.13177
-1279,-0.13299
-1278,-0.13477
-1277,-0.13498
-1276,-0.1354
-1275,-0.13565
-1274,-0.13744
-1273,-0.13796
-1272,-0.13892
-1271,-0.14062
-1270,-0.1421
-1269,-0.14372
-1268,-0.14528
-1267,-0.14698
-1266,-0.1473
-1265,-0.14884
-1264,-0.15119
-1263,-0.15364
-1262,-0.15334
-1261,-0.15478
-1260,-0.15437
-1259,-0.15452
-1258,-0.15597
-1257,-0.15713
-1256,-0.15912
-1255,-0.16026
-1254,-0.15936
-1253,-0.16042
-1252,-0.16132
-1251,-0.1598
-1250,-0.16092
-1249,-0.15955
-1248,-0.16008
-1247,-0.16111
-1246,-0.16103
-1245,-0.1611
-1244,-0.1614
-1243,-0.16145
-1242,-0.16095
-1241,-0.16192
-1240,-0.16314
-1239,-0.16461
-1238,-0.16522
-1237,-0.1642
-1236,-0.16401
-1235,-0.16363
-1234,-0.16271
-1233,-0.16224
-1232,-0.16354
-1231,-0.1658
-1230,-0.16525
-1229,-0.16343
-1228,-0.16616
-1227,-0.1655
-1226,-0.16646
-1225,-0.16683
-1224,-0.16522
-1223,-0.16451
-1222,-0.16311
-1221,-0.16266
-1220,-0.16463
-1219,-0.16497
-1218,-0.16554
-1217,-0.16646
-1216,-0.16728
-1215,-0.16689
-1214,-0.16785
-1213,-0.1688
-1212,-0.16976
-1211,-0.17184
-1210,-0.17182
-1209,-0.17169
-1208,-0.17021
-1207,-0.17119
-1206,-0.17276
-1205,-0.1735
-1204,-0.17328
-1203,-0.17468
-1202,-0.17384
-1201,-0.17364
-1200,-0.17337
-1199,-0.17411
-1198,-0.17499
-1197,-0.17672
-1196,-0.17604
-1195,-0.17958
-1194,-0.18088
-1193,-0.18191
-1192,-0.18171
-1191,-0.18734
-1190,-0.18926
-1189,-0.18192
-1188,-0.18259
-1187,-0.18256
-1186,-0.18513
-1185,-0.18702
-1184,-0.19016
-1183,-0.18848
-1182,-0.19018
-1181,-0.19022
-1180,-0.1894
-1179,-0.19101
-1178,-0.18716
-1177,-0.18717
-1176,-0.18892
-1175,-0.18842
-1174,-0.18946
-1173,-0.19128
-1172,-0.19241
-1171,-0.19237
-1170,-0.19281
-1169,-0.19254
-1168,-0.19298
-1167,-0.19351
-1166,-0.1936
-1165,-0.1961
-1164,-0.19787
-1163,-0.19887
-1162,-0.19882
-1161,-0.19738
-1160,-0.1969
-1159,-0.19647
-1158,-0.1938
-1157,-0.19322
-1156,-0.19508
-1155,-0.19465
-1154,-0.19741
-1153,-0.19539
-1152,-0.19462
-1151,-0.19574
-1150,-0.1951
-1149,-0.19476
-1148,-0.19514
-1147,-0.19536
-1146,-0.19601
-1145,-0.19622
-1144,-0.19569
-1143,-0.19874
-1142,-0.20043
-1141,-0.1999
-1140,-0.20023
-1139,-0.19829
-1138,-0.19761
-1137,-0.19745
-1136,-0.19692
-1135,-0.19722
-1134,-0.19905
-1133,-0.19865
-1132,-0.19957
-1131,-0.19981
-1130,-0.19673
-1129,-0.198
-1128,-0.19891
-1127,-0.1987
-1126,-0.19952
-1125,-0.19912
-1124,-0.19957
-1123,-0.19925
-1122,-0.19789
-1121,-0.19749
-1120,-0.1974
-1119,-0.19816
-1118,-0.19916
-1117,-0.20072
-1116,-0.20047
-1115,-0.20094
-1114,-0.2006
-1113,-0.20176
-1112,-0.20025
-1111,-0.19984
-1110,-0.2006
-1109,-0.19957
-1108,-0.19937
-1107,-0.19965
-1106,-0.19751
-1105,-0.19573
-1104,-0.19473
-1103,-0.19312
-1102,-0.19431
-1101,-0.19352
-1100,-0.19344
-1099,-0.19468
-1098,-0.19363
-1097,-0.19416
-1096,-0.1935
-1095,-0.19272
-1094,-0.19366
-1093,-0.19344
-1092,-0.19349
-1091,-0.19422
-1090,-0.19419
-1089,-0.19331
-1088,-0.19388
-1087,-0.19357
-1086,-0.19365
-1085,-0.19418
-1084,-0.19249
-1083,-0.19389
-1082,-0.19527
-1081,-0.19572
-1080,-0.19723
-1079,-0.19821
-1078,-0.19594
-1077,-0.19535
-1076,-0.19643
-1075,-0.19367
-1074,-0.19514
-1073,-0.19729
-1072,-0.19868
-1071,-0.20004
-1070,-0.19867
-1069,-0.19897
-1068,-0.19913
-1067,-0.19969
-1066,-0.20072
-1065,-0.19933
-1064,-0.19792
-1063,-0.19818
-1062,-0.19894
-1061,-0.20112
-1060,-0.19983
-1059,-0.19673
-1058,-0.19733
-1057,-0.19842
-1056,-0.19756
-1055,-0.19903
-1054,-0.19828
-1053,-0.1977
-1052,-0.19754
-1051,-0.19662
-1050,-0.19545
-1049,-0.19602
-1048,-0.19369
-1047,-0.19319
-1046,-0.19274
-1045,-0.19144
-1044,-0.19211
-1043,-0.19232
-1042,-0.1919
-1041,-0.19275
-1040,-0.19288
-1039,-0.19224
-1038,-0.19264
-1037,-0.19162
-1036,-0.19345
-1035,-0.19246
-1034,-0.19174
-1033,-0.19132
-1032,-0.18862
-1031,-0.18669
-1030,-0.18617
-1029,-0.18379
-1028,-0.18324
-1027,-0.18214
-1026,-0.1824
-1025,-0.18222
-1024,-0.18083
-1023,-0.18004
-1022,-0.17736
-1021,-0.17748
-1020,-0.1751
-1019,-0.17421
-1018,-0.17475
-1017,-0.17384
-1016,-0.17247
-1015,-0.17099
-1014,-0.17024
-1013,-0.17052
-1012,-0.17007
-1011,-0.1691
-1010,-0.16798
-1009,-0.16673
-1008,-0.16753
-1007,-0.1671
-1006,-0.16813
-1005,-0.16785
-1004,-0.167
-1003,-0.16652
-1002,-0.16657
-1001,-0.16569
-1000,-0.16465
-999,-0.16501
-998,-0.1638
-997,-0.16096
-996,-0.158
-995,-0.15548
-994,-0.15558
-993,-0.15466
-992,-0.15529
-991,-0.1536
-990,-0.15134
-989,-0.15121
-988,-0.14982
-987,-0.14955
-986,-0.15023
-985,-0.14832
-984,-0.14771
-983,-0.14908
-982,-0.14722
-981,-0.14674
-980,-0.14576
-979,-0.1452
-978,-0.14576
-977,-0.14641
-976,-0.14626
-975,-0.14816
-974,-0.14923
-973,-0.152
-972,-0.15126
-971,-0.17555
-970,-0.16306
-969,-0.14947
-968,-0.15265
-967,-0.15048
-966,-0.15191
-965,-0.14587
-964,-0.14579
-963,-0.14646
-962,-0.14776
-961,-0.14734
-960,-0.14621
-959,-0.14229
-958,-0.14258
-957,-0.14159
-956,-0.14131
-955,-0.14024
-954,-0.13917
-953,-0.13833
-952,-0.13639
-951,-0.13311
-950,-0.1349
-949,-0.13011
-948,-0.13194
-947,-0.11494
-946,-0.097665
-945,-0.11719
-944,-0.11757
-943,-0.11907
-942,-0.1193
-941,-0.11774
-940,-0.11835
-939,-0.11795
-938,-0.11724
-937,-0.11596
-936,-0.11491
-935,-0.11387
-934,-0.115
-933,-0.11813
-932,-0.1159
-931,-0.11682
-930,-0.11867
-929,-0.1162
-928,-0.11589
-927,-0.10943
-926,-0.10813
-925,-0.1059
-924,-0.10588
-923,-0.11149
-922,-0.10918
-921,-0.10961
-920,-0.11205
-919,-0.10807
-918,-0.10616
-917,-0.10567
-916,-0.10523
-915,-0.10647
-914,-0.1081
-913,-0.10761
-912,-0.10621
-911,-0.10581
-910,-0.10494
-909,-0.10346
-908,-0.10204
-907,-0.10069
-906,-0.10073
-905,-0.10068
-904,-0.10248
-903,-0.10478
-902,-0.10433
-901,-0.10141
-900,-0.10093
-899,-0.10077
-898,-0.097647
-897,-0.096045
-896,-0.097855
-895,-0.097972
-894,-0.096881
-893,-0.097983
-892,-0.098201
-891,-0.09623
-890,-0.096877
-889,-0.098632
-888,-0.098879
-887,-0.097569
-886,-0.096252
-885,-0.093789
-884,-0.09392
-883,-0.096036
-882,-0.09514
-881,-0.094118
-880,-0.093535
-879,-0.094583
-878,-0.093727
-877,-0.093915
-876,-0.092842
-875,-0.091588
-874,-0.095757
-873,-0.095513
-872,-0.095349
-871,-0.093393
-870,-0.093155
-869,-0.093136
-868,-0.092802
-867,-0.093753
-866,-0.093825
-865,-0.089549
-864,-0.085511
-863,-0.086727
-862,-0.088197
-861,-0.085633
-860,-0.084516
-859,-0.084488
-858,-0.084654
-857,-0.085382
-856,-0.083904
-855,-0.082928
-854,-0.083615
-853,-0.084131
-852,-0.082558
-851,-0.082225
-850,-0.081362
-849,-0.08208
-848,-0.081362
-847,-0.080196
-846,-0.079189
-845,-0.078115
-844,-0.079541
-843,-0.08071
-842,-0.080723
-841,-0.080846
-840,-0.08193
-839,-0.081755
-838,-0.082533
-837,-0.082536
-836,-0.08161
-835,-0.080977
-834,-0.081527
-833,-0.083086
-832,-0.083407
-831,-0.084724
-830,-0.08387
-829,-0.081612
-828,-0.084005
-827,-0.086515
-826,-0.087124
-825,-0.086458
-824,-0.087046
-823,-0.086206
-822,-0.086411
-821,-0.085432
-820,-0.086288
-819,-0.087291
-818,-0.088529
-817,-0.08918
-816,-0.090527
-815,-0.091435
-814,-0.089292
-813,-0.087433
-812,-0.087939
-811,-0.08852
-810,-0.090068
-809,-0.088094
-808,-0.088281
-807,-0.089437
-806,-0.090588
-805,-0.093001
-804,-0.091968
-803,-0.093161
-802,-0.09191
-801,-0.09255
-800,-0.094644
-799,-0.092925
-798,-0.09646
-797,-0.094597
-796,-0.095532
-795,-0.092326
-794,-0.092762
-793,-0.082718
-792,-0.074977
-791,-0.09175
-790,-0.095201
-789,-0.09762
-788,-0.097365
-787,-0.097684
-786,-0.098116
-785,-0.098254
-784,-0.09753
-783,-0.096456
-782,-0.09607
-781,-0.096602
-780,-0.097724
-779,-0.096068
-778,-0.097185
-777,-0.098907
-776,-0.097943
-775,-0.097059
-774,-0.098419
-773,-0.094531
-772,-0.098449
-771,-0.094768
-770,-0.10024
-769,-0.093163
-768,-0.099172
-767,-0.058282
-766,0.023861
-765,-0.036487
-764,-0.06845
-763,-0.069446
-762,-0.0775
-761,-0.075775
-760,-0.081007
-759,-0.081542
-758,-0.085243
-757,-0.082044
-756,-0.08233
-755,-0.083607
-754,-0.085396
-753,-0.086975
-752,-0.086616
-751,-0.085228
-750,-0.090141
-749,-0.090507
-748,-0.089849
-747,-0.091702
-746,-0.090492
-745,-0.088873
-744,-0.090425
-743,-0.095378
-742,-0.095224
-741,-0.091825
-740,-0.092415
-739,-0.083373
-738,-0.075813
-737,-0.075665
-736,-0.073856
-735,-0.074581
-734,-0.07754
-733,-0.078636
-732,-0.07802
-731,-0.077567
-730,-0.077516
-729,-0.075547
-728,-0.075892
-727,-0.075569
-726,-0.074527
-725,-0.073401
-724,-0.072019
-723,-0.07335
-722,-0.073396
-721,-0.071876
-720,-0.068276
-719,-0.067636
-718,-0.069741
-717,-0.07163
-716,-0.070481
-715,-0.070131
-714,-0.068744
-713,-0.072648
-712,-0.072358
-711,-0.071337
-710,-0.069379
-709,-0.065263
-708,-0.066901
-707,-0.065206
-706,-0.064903
-705,-0.065531
-704,-0.064474
-703,-0.064616
-702,-0.063757
-701,-0.062768
-700,-0.064452
-699,-0.062236
-698,-0.061586
-697,-0.062352
-696,-0.061223
-695,-0.060202
-694,-0.059182
-693,-0.058749
-692,-0.059688
-691,-0.060659
-690,-0.060694
-689,-0.060228
-688,-0.059634
-687,-0.05896
-686,-0.059031
-685,-0.059943
-684,-0.057369
-683,-0.055282
-682,-0.053713
-681,-0.053762
-680,-0.052746
-679,-0.052598
-678,-0.051212
-677,-0.052941
-676,-0.050738
-675,-0.05153
-674,-0.049728
-673,-0.048159
-672,-0.045747
-671,-0.044965
-670,-0.04529
-669,-0.044481
-668,-0.043507
-667,-0.042082
-666,-0.040984
-665,-0.038642
-664,-0.040407
-663,-0.040315
-662,-0.039362
-661,-0.039478
-660,-0.040004
-659,-0.040867
-658,-0.038028
-657,-0.038077
-656,-0.038456
-655,-0.037696
-654,-0.035993
-653,-0.034933
-652,-0.031715
-651,-0.032368
-650,-0.03163
-649,-0.030635
-648,-0.030314
-647,-0.02909
-646,-0.027592
-645,-0.026365
-644,-0.024062
-643,-0.023781
-642,-0.023312
-641,-0.021512
-640,-0.021134
-639,-0.02236
-638,-0.020925
-637,-0.023249
-636,-0.023528
-635,-0.021349
-634,-0.022451
-633,-0.020596
-632,-0.019325
-631,-0.019566
-630,-0.018066
-629,-0.017099
-628,-0.017209
-627,-0.017165
-626,-0.016971
-625,-0.016443
-624,-0.01273
-623,-0.01167
-622,-0.011517
-621,-0.010976
-620,-0.010019
-619,-0.0072695
-618,-0.0067297
-617,-0.0049079
-616,-0.0044594
-615,-0.0066085
-614,-0.0052061
-613,-0.0037667
-612,-0.0019272
-611,-0.0036139
-610,-0.0077914
-609,-0.006518
-608,-0.0086722
-607,-0.012094
-606,-0.010914
-605,-0.0095687
-604,-0.0096653
-603,-0.0074536
-602,-0.0075174
-601,-0.0087509
-600,-0.0087944
-599,-0.00805
-598,-0.007976
-597,-0.0061901
-596,-0.0046626
-595,-0.0036115
-594,-0.0015177
-593,-0.00083647
-592,-0.00066365
-591,0.00087493
-590,0.0031671
-589,0.0038601
-588,0.0037846
-587,0.0031322
-586,0.0042021
-585,0.0041376
-584,0.0024274
-583,0.0044017
-582,0.0042952
-581,0.0045548
-580,0.0064815
-579,0.007012
-578,0.0078384
-577,0.010734
-576,0.011068
-575,0.011701
-574,0.011944
-573,0.013242
-572,0.015431
-571,0.015131
-570,0.016263
-569,0.01773
-568,0.019844
-567,0.020659
-566,0.020118
-565,0.022355
-564,0.022948
-563,0.022526
-562,0.024081
-561,0.02492
-560,0.025351
-559,0.026698
-558,0.027879
-557,0.027891
-556,0.030009
-555,0.03024
-554,0.029752
-553,0.032869
-552,0.035853
-551,0.036148
-550,0.03753
-549,0.038409
-548,0.038597
-547,0.038642
-546,0.038335
-545,0.040339
-544,0.039651
-543,0.039944
-542,0.041527
-541,0.04009
-540,0.04156
-539,0.040594
-538,0.041808
-537,0.043409
-536,0.045136
-535,0.046263
-534,0.04588
-533,0.047893
-532,0.048261
-531,0.047326
-530,0.047713
-529,0.047287
-528,0.049542
-527,0.050009
-526,0.049777
-525,0.0482
-524,0.047763
-523,0.049603
-522,0.050071
-521,0.053028
-520,0.052301
-519,0.051629
-518,0.058849
-517,0.064651
-516,0.072141
-515,0.076577
-514,0.080732
-513,0.078309
-512,0.069645
-511,0.070441
-510,0.068484
-509,0.072217
-508,0.074447
-507,0.082693
-506,0.082332
-505,0.074321
-504,0.070243
-503,0.070169
-502,0.068355
-501,0.069535
-500,0.070129
-499,0.070325
-498,0.07196
-497,0.071773
-496,0.07278
-495,0.07317
-494,0.072579
-493,0.07335
-492,0.073293
-491,0.073132
-490,0.074638
-489,0.077991
-488,0.080027
-487,0.081671
-486,0.082395
-485,0.088731
-484,0.089623
-483,0.088929
-482,0.094232
-481,0.097568
-480,0.099157
-479,0.10014
-478,0.099474
-477,0.099086
-476,0.10096
-475,0.10128
-474,0.10162
-473,0.10256
-472,0.10405
-471,0.10523
-470,0.1079
-469,0.10775
-468,0.10811
-467,0.1091
-466,0.11025
-465,0.11194
-464,0.11299
-463,0.11611
-462,0.11639
-461,0.11638
-460,0.11624
-459,0.11978
-458,0.12192
-457,0.12294
-456,0.12417
-455,0.12289
-454,0.12398
-453,0.12403
-452,0.12594
-451,0.1263
-450,0.12675
-449,0.12805
-448,0.12838
-447,0.12949
-446,0.1309
-445,0.13016
-444,0.13166
-443,0.13489
-442,0.13555
-441,0.13519
-440,0.1383
-439,0.14156
-438,0.13818
-437,0.13959
-436,0.14045
-435,0.14327
-434,0.14441
-433,0.15406
-432,0.15742
-431,0.15894
-430,0.16002
-429,0.15039
-428,0.14075
-427,0.13228
-426,0.1384
-425,0.1246
-424,0.11893
-423,0.14597
-422,0.13852
-421,0.14772
-420,0.14386
-419,0.146
-418,0.14282
-417,0.14654
-416,0.14556
-415,0.14582
-414,0.15083
-413,0.15382
-412,0.15209
-411,0.15419
-410,0.15383
-409,0.15479
-408,0.15415
-407,0.15213
-406,0.15232
-405,0.15408
-404,0.15638
-403,0.15664
-402,0.15819
-401,0.1605
-400,0.16093
-399,0.15952
-398,0.15463
-397,0.1606
-396,0.16176
-395,0.1641
-394,0.16785
-393,0.17049
-392,0.17543
-391,0.18051
-390,0.17174
-389,0.17416
-388,0.17265
-387,0.17383
-386,0.17169
-385,0.17002
-384,0.16928
-383,0.17075
-382,0.17265
-381,0.16875
-380,0.17016
-379,0.17113
-378,0.17088
-377,0.16988
-376,0.1711
-375,0.17173
-374,0.17362
-373,0.17512
-372,0.17592
-371,0.17915
-370,0.1795
-369,0.17944
-368,0.17999
-367,0.18062
-366,0.1805
-365,0.18086
-364,0.17934
-363,0.17971
-362,0.17864
-361,0.17634
-360,0.17777
-359,0.17738
-358,0.17663
-357,0.17642
-356,0.17674
-355,0.17628
-354,0.17604
-353,0.17679
-352,0.17729
-351,0.17362
-350,0.17373
-349,0.17553
-348,0.17483
-347,0.1743
-346,0.17569
-345,0.17601
-344,0.17686
-343,0.17729
-342,0.17597
-341,0.1789
-340,0.18011
-339,0.18243
-338,0.1856
-337,0.18772
-336,0.18979
-335,0.19106
-334,0.1907
-333,0.19289
-332,0.19379
-331,0.19397
-330,0.19507
-329,0.19491
-328,0.19622
-327,0.19793
-326,0.19654
-325,0.19732
-324,0.19862
-323,0.19961
-322,0.20001
-321,0.20168
-320,0.20221
-319,0.20309
-318,0.2056
-317,0.20366
-316,0.20043
-315,0.20059
-314,0.20308
-313,0.20483
-312,0.20363
-311,0.20428
-310,0.20496
-309,0.20875
-308,0.20863
-307,0.20269
-306,0.20311
-305,0.20348
-304,0.20377
-303,0.20431
-302,0.20525
-301,0.20465
-300,0.20766
-299,0.21044
-298,0.21035
-297,0.21214
-296,0.21145
-295,0.20775
-294,0.21521
-293,0.22168
-292,0.21676
-291,0.21724
-290,0.21484
-289,0.21086
-288,0.21524
-287,0.21489
-286,0.21717
-285,0.21823
-284,0.21706
-283,0.21718
-282,0.22079
-281,0.22399
-280,0.22174
-279,0.22366
-278,0.22373
-277,0.22387
-276,0.22141
-275,0.21818
-274,0.21558
-273,0.21616
-272,0.21714
-271,0.21677
-270,0.21567
-269,0.21675
-268,0.21824
-267,0.22126
-266,0.22124
-265,0.22295
-264,0.22613
-263,0.2274
-262,0.22896
-261,0.23526
-260,0.23975
-259,0.25573
-258,0.24933
-257,0.2393
-256,0.24176
-255,0.2463
-254,0.2464
-253,0.2724
-252,0.28139
-251,0.28353
-250,0.28641
-249,0.27178
-248,0.25925
-247,0.25156
-246,0.25998
-245,0.25721
-244,0.24922
-243,0.26049
-242,0.25817
-241,0.261
-240,0.26079
-239,0.26403
-238,0.26332
-237,0.26598
-236,0.26732
-235,0.26743
-234,0.27045
-233,0.27225
-232,0.27523
-231,0.27789
-230,0.28249
-229,0.28246
-228,0.28124
-227,0.27826
-226,0.28132
-225,0.28392
-224,0.28566
-223,0.28957
-222,0.29084
-221,0.29288
-220,0.29436
-219,0.29548
-218,0.29481
-217,0.29379
-216,0.29476
-215,0.29768
-214,0.30003
-213,0.30114
-212,0.30072
-211,0.30401
-210,0.30688
-209,0.30621
-208,0.30068
-207,0.30533
-206,0.30759
-205,0.30391
-204,0.30901
-203,0.31394
-202,0.31322
-201,0.31016
-200,0.31072
-199,0.31119
-198,0.31506
-197,0.31101
-196,0.30636
-195,0.3087
-194,0.30913
-193,0.31297
-192,0.31336
-191,0.3144
-190,0.31514
-189,0.31544
-188,0.3144
-187,0.31789
-186,0.31629
-185,0.31892
-184,0.31516
-183,0.32692
-182,0.31406
-181,0.35082
-180,0.39629
-179,0.32465
-178,0.32423
-177,0.32107
-176,0.3213
-175,0.31748
-174,0.31837
-173,0.31724
-172,0.31614
-171,0.31681
-170,0.31704
-169,0.31824
-168,0.31505
-167,0.31088
-166,0.31234
-165,0.31096
-164,0.30909
-163,0.31364
-162,0.31281
-161,0.32427
-160,0.32555
-159,0.32607
-158,0.32739
-157,0.31579
-156,0.31955
-155,0.32087
-154,0.33653
-153,0.32804
-152,0.32898
-151,0.32768
-150,0.32817
-149,0.32723
-148,0.32531
-147,0.32624
-146,0.32775
-145,0.33009
-144,0.32937
-143,0.33293
-142,0.33432
-141,0.33381
-140,0.33665
-139,0.33638
-138,0.33755
-137,0.33804
-136,0.33568
-135,0.3397
-134,0.34482
-133,0.34513
-132,0.34505
-131,0.34192
-130,0.3438
-129,0.3462
-128,0.34653
-127,0.34638
-126,0.35029
-125,0.35197
-124,0.35207
-123,0.35194
-122,0.35363
-121,0.35563
-120,0.35722
-119,0.35943
-118,0.36025
-117,0.36207
-116,0.36241
-115,0.36295
-114,0.36536
-113,0.37012
-112,0.3668
-111,0.3672
-110,0.36998
-109,0.36908
-108,0.37213
-107,0.37082
-106,0.37277
-105,0.37583
-104,0.37746
-103,0.37798
-102,0.37983
-101,0.3818
-100,0.38197
-99,0.3845
-98,0.3843
-97,0.38482
-96,0.3862
-95,0.38637
-94,0.38916
-93,0.38995
-92,0.39043
-91,0.39265
-90,0.39432
-89,0.39527
-88,0.39854
-87,0.39877
-86,0.39829
-85,0.40067
-84,0.40485
-83,0.40623
-82,0.40482
-81,0.40611
-80,0.40827
-79,0.40871
-78,0.40957
-77,0.41172
-76,0.41332
-75,0.41393
-74,0.41621
-73,0.41632
-72,0.41841
-71,0.42043
-70,0.42119
-69,0.42246
-68,0.4242
-67,0.42624
-66,0.42822
-65,0.42767
-64,0.43028
-63,0.43431
-62,0.43292
-61,0.4347
-60,0.43656
-59,0.43631
-58,0.43807
-57,0.44154
-56,0.44662
-55,0.45046
-54,0.44916
-53,0.4504
-52,0.45398
-51,0.45436
-50,0.45941
-49,0.46134
-48,0.46585
-47,0.47482
-46,0.47317
-45,0.47039
-44,0.4724
-43,0.47389
-42,0.47626
-41,0.47953
-40,0.47901
-39,0.47855
-38,0.48066
-37,0.48263
-36,0.48701
-35,0.48917
-34,0.48721
-33,0.49294
-32,0.49376
-31,0.50612
-30,0.51303
-29,0.52186
-28,0.51598
-27,0.54048
-26,0.55766
-25,0.50902
-24,0.51104
-23,0.50898
-22,0.51953
-21,0.52211
-20,0.52824
-19,0.52824
-18,0.53057
-17,0.53278
-16,0.53293
-15,0.53625
-14,0.53811
-13,0.54073
-12,0.54487
-11,0.55031
-10,0.55223
-9,0.55905
-8,0.55674
-7,0.57099
-6,0.56345
-5,0.57964
-4,0.57199
-3,0.60406
-2,0.59541
-1,0.69308
0,1
1,0.69308
2,0.59541
3,0.60406
4,0.57199
5,0.57964
6,0.56345
7,0.57099
8,0.55674
9,0.55905
10,0.55223
11,0.55031
12,0.54487
13,0.54073
14,0.53811
15,0.53625
16,0.53293
17,0.53278
18,0.53057
19,0.52824
20,0.52824
21,0.52211
22,0.51953
23,0.50898
24,0.51104
25,0.50902
26,0.55766
27,0.54048
28,0.51598
29,0.52186
30,0.51303
31,0.50612
32,0.49376
33,0.49294
34,0.48721
35,0.48917
36,0.48701
37,0.48263
38,0.48066
39,0.47855
40,0.47901
41,0.47953
42,0.47626
43,0.47389
44,0.4724
45,0.47039
46,0.47317
47,0.47482
48,0.46585
49,0.46134
50,0.45941
51,0.45436
52,0.45398
53,0.4504
54,0.44916
55,0.45046
56,0.44662
57,0.44154
58,0.43807
59,0.43631
60,0.43656
61,0.4347
62,0.43292
63,0.43431
64,0.43028
65,0.42767
66,0.42822
67,0.42624
68,0.4242
69,0.42246
70,0.42119
71,0.42043
72,0.41841
73,0.41632
74,0.41621
75,0.41393
76,0.41332
77,0.41172
78,0.40957
79,0.40871
80,0.40827
81,0.40611
82,0.40482
83,0.40623
84,0.40485
85,0.40067
86,0.39829
87,0.39877
88,0.39854
89,0.39527
90,0.39432
91,0.39265
92,0.39043
93,0.38995
94,0.38916
95,0.38637
96,0.3862
97,0.38482
98,0.3843
99,0.3845
100,0.38197
101,0.3818
102,0.37983
103,0.37798
104,0.37746
105,0.37583
106,0.37277
107,0.37082
108,0.37213
109,0.36908
110,0.36998
111,0.3672
112,0.3668
113,0.37012
114,0.36536
115,0.36295
116,0.36241
117,0.36207
118,0.36025
119,0.35943
120,0.35722
121,0.35563
122,0.35363
123,0.35194
124,0.35207
125,0.35197
126,0.35029
127,0.34638
128,0.34653
129,0.3462
130,0.3438
131,0.34192
132,0.34505
133,0.34513
134,0.34482
135,0.3397
136,0.33568
137,0.33804
138,0.33755
139,0.33638
140,0.33665
141,0.33381
142,0.33432
143,0.33293
144,0.32937
145,0.33009
146,0.32775
147,0.32624
148,0.32531
149,0.32723
150,0.32817
151,0.32768
152,0.32898
153,0.32804
154,0.33653
155,0.32087
156,0.31955
157,0.31579
158,0.32739
159,0.32607
160,0.32555
161,0.32427
162,0.31281
163,0.31364
164,0.30909
165,0.31096
166,0.31234
167,0.31088
168,0.31505
169,0.31824
170,0.31704
171,0.31681
172,0.31614
173,0.31724
174,0.31837
175,0.31748
176,0.3213
177,0.32107
178,0.32423
179,0.32465
180,0.39629
181,0.35082
182,0.31406
183,0.32692
184,0.31516
185,0.31892
186,0.31629
187,0.31789
188,0.3144
189,0.31544
190,0.31514
191,0.3144
192,0.31336
193,0.31297
194,0.30913
195,0.3087
196,0.30636
197,0.31101
198,0.31506
199,0.31119
200,0.31072
201,0.31016
202,0.31322
203,0.31394
204,0.30901
205,0.30391
206,0.30759
207,0.30533
208,0.30068
209,0.30621
210,0.30688
211,0.30401
212,0.30072
213,0.30114
214,0.30003
215,0.29768
216,0.29476
217,0.29379
218,0.29481
219,0.29548
220,0.29436
221,0.29288
222,0.29084
223,0.28957
224,0.28566
225,0.28392
226,0.28132
227,0.27826
228,0.28124
229,0.28246
230,0.28249
231,0.27789
232,0.27523
233,0.27225
234,0.27045
235,0.26743
236,0.26732
237,0.26598
238,0.26332
239,0.26403
240,0.26079
241,0.261
242,0.25817
243,0.26049
244,0.24922
245,0.25721
246,0.25998
247,0.25156
248,0.25925
249,0.27178
250,0.28641
251,0.28353
252,0.28139
253,0.2724
254,0.2464
255,0.2463
256,0.24176
257,0.2393
258,0.24933
259,0.25573
260,0.23975
261,0.23526
262,0.22896
263,0.2274
264,0.22613
265,0.22295
266,0.22124
267,0.22126
268,0.21824
269,0.21675
270,0.21567
271,0.21677
272,0.21714
273,0.21616
274,0.21558
275,0.21818
276,0.22141
277,0.22387
278,0.22373
279,0.22366
280,0.22174
281,0.22399
282,0.22079
283,0.21718
284,0.21706
285,0.21823
286,0.21717
287,0.21489
288,0.21524
289,0.21086
290,0.21484
291,0.21724
292,0.21676
293,0.22168
294,0.21521
295,0.20775
296,0.21145
297,0.21214
298,0.21035
299,0.21044
300,0.20766
301,0.20465
302,0.20525
303,0.20431
304,0.20377
305,0.20348
306,0.20311
307,0.20269
308,0.20863
309,0.20875
310,0.20496
311,0.20428
312,0.20363
313,0.20483
314,0.20308
315,0.20059
316,0.20043
317,0.20366
318,0.2056
319,0.20309
320,0.20221
321,0.20168
322,0.20001
323,0.19961
324,0.19862
325,0.19732
326,0.19654
327,0.19793
328,0.19622
329,0.19491
330,0.19507
331,0.19397
332,0.19379
333,0.19289
334,0.1907
335,0.19106
336,0.18979
337,0.18772
338,0.1856
339,0.18243
340,0.18011
341,0.1789
342,0.17597
343,0.17729
344,0.17686
345,0.17601
346,0.17569
347,0.1743
348,0.17483
349,0.17553
350,0.17373
351,0.17362
352,0.17729
353,0.17679
354,0.17604
355,0.17628
356,0.17674
357,0.17642
358,0.17663
359,0.17738
360,0.17777
361,0.17634
362,0.17864
363,0.17971
364,0.17934
365,0.18086
366,0.1805
367,0.18062
368,0.17999
369,0.17944
370,0.1795
371,0.17915
372,0.17592
373,0.17512
374,0.17362
375,0.17173
376,0.1711
377,0.16988
378,0.17088
379,0.17113
380,0.17016
381,0.16875
382,0.17265
383,0.17075
384,0.16928
385,0.17002
386,0.17169
387,0.17383
388,0.17265
389,0.17416
390,0.17174
391,0.18051
392,0.17543
393,0.17049
394,0.16785
395,0.1641
396,0.16176
397,0.1606
398,0.15463
399,0.15952
400,0.16093
401,0.1605
402,0.15819
403,0.15664
404,0.15638
405,0.15408
406,0.15232
407,0.15213
408,0.15415
409,0.15479
410,0.15383
411,0.15419
412,0.15209
413,0.15382
414,0.15083
415,0.14582
416,0.14556
417,0.14654
418,0.14282
419,0.146
420,0.14386
421,0.14772
422,0.13852
423,0.14597
424,0.11893
425,0.1246
426,0.1384
427,0.13228
428,0.14075
429,0.15039
430,0.16002
431,0.15894
432,0.15742
433,0.15406
434,0.14441
435,0.14327
436,0.14045
437,0.13959
438,0.13818
439,0.14156
440,0.1383
441,0.13519
442,0.13555
443,0.13489
444,0.13166
445,0.13016
446,0.1309
447,0.12949
448,0.12838
449,0.12805
450,0.12675
451,0.1263
452,0.12594
453,0.12403
454,0.12398
455,0.12289
456,0.12417
457,0.12294
458,0.12192
459,0.11978
460,0.11624
461,0.11638
462,0.11639
463,0.11611
464,0.11299
465,0.11194
466,0.11025
467,0.1091
468,0.10811
469,0.10775
470,0.1079
471,0.10523
472,0.10405
473,0.10256
474,0.10162
475,0.10128
476,0.10096
477,0.099086
478,0.099474
479,0.10014
480,0.099157
481,0.097568
482,0.094232
483,0.088929
484,0.089623
485,0.088731
486,0.082395
487,0.081671
488,0.080027
489,0.077991
490,0.074638
491,0.073132
492,0.073293
493,0.07335
494,0.072579
495,0.07317
496,0.07278
497,0.071773
498,0.07196
499,0.070325
500,0.070129
501,0.069535
502,0.068355
503,0.070169
504,0.070243
505,0.074321
506,0.082332
507,0.082693
508,0.074447
509,0.072217
510,0.068484
511,0.070441
512,0.069645
513,0.078309
514,0.080732
515,0.076577
516,0.072141
517,0.064651
518,0.058849
519,0.051629
520,0.052301
521,0.053028
522,0.050071
523,0.049603
524,0.047763
525,0.0482
526,0.049777
527,0.050009
528,0.049542
529,0.047287
530,0.047713
531,0.047326
532,0.048261
533,0.047893
534,0.04588
535,0.046263
536,0.045136
537,0.043409
538,0.041808
539,0.040594
540,0.04156
541,0.04009
542,0.041527
543,0.039944
544,0.039651
545,0.040339
546,0.038335
547,0.038642
548,0.038597
549,0.038409
550,0.03753
551,0.036148
552,0.035853
553,0.032869
554,0.029752
555,0.03024
556,0.030009
557,0.027891
558,0.027879
559,0.026698
560,0.025351
561,0.02492
562,0.024081
563,0.022526
564,0.022948
565,0.022355
566,0.020118
567,0.020659
568,0.019844
569,0.01773
570,0.016263
571,0.015131
572,0.015431
573,0.013242
574,0.011944
575,0.011701
576,0.011068
577,0.010734
578,0.0078384
579,0.007012
580,0.0064815
581,0.0045548
582,0.0042952
583,0.0044017
584,0.0024274
585,0.0041376
586,0.0042021
587,0.0031322
588,0.0037846
589,0.0038601
590,0.0031671
591,0.00087493
592,-0.00066365
593,-0.00083647
594,-0.0015177
595,-0.0036115
596,-0.0046626
597,-0.0061901
598,-0.007976
599,-0.00805
600,-0.0087944
601,-0.0087509
602,-0.0075174
603,-0.0074536
604,-0.0096653
605,-0.0095687
606,-0.010914
607,-0.012094
608,-0.0086722
609,-0.006518
610,-0.0077914
611,-0.0036139
612,-0.0019272
613,-0.0037667
614,-0.0052061
615,-0.0066085
616,-0.0044594
617,-0.0049079
618,-0.0067297
619,-0.0072695
620,-0.010019
621,-0.010976
622,-0.011517
623,-0.01167
624,-0.01273
625,-0.016443
626,-0.016971
627,-0.017165
628,-0.017209
629,-0.017099
630,-0.018066
631,-0.019566
632,-0.019325
633,-0.020596
634,-0.022451
635,-0.021349
636,-0.023528
637,-0.023249
638,-0.020925
639,-0.02236
640,-0.021134
641,-0.021512
642,-0.023312
643,-0.023781
644,-0.024062
645,-0.026365
646,-0.027592
647,-0.02909
648,-0.030314
649,-0.030635
650,-0.03163
651,-0.032368
652,-0.031715
653,-0.034933
654,-0.035993
655,-0.037696
656,-0.038456
657,-0.038077
658,-0.038028
659,-0.040867
660,-0.040004
661,-0.039478
662,-0.039362
663,-0.040315
664,-0.040407
665,-0.038642
666,-0.040984
667,-0.042082
668,-0.043507
669,-0.044481
670,-0.04529
671,-0.044965
672,-0.045747
673,-0.048159
674,-0.049728
675,-0.05153
676,-0.050738
677,-0.052941
678,-0.051212
679,-0.052598
680,-0.052746
681,-0.053762
682,-0.053713
683,-0.055282
684,-0.057369
685,-0.059943
686,-0.059031
687,-0.05896
688,-0.059634
689,-0.060228
690,-0.060694
691,-0.060659
692,-0.059688
693,-0.058749
694,-0.059182
695,-0.060202
696,-0.061223
697,-0.062352
698,-0.061586
699,-0.062236
700,-0.064452
701,-0.062768
702,-0.063757
703,-0.064616
704,-0.064474
705,-0.065531
706,-0.064903
707,-0.065206
708,-0.066901
709,-0.065263
710,-0.069379
711,-0.071337
712,-0.072358
713,-0.072648
714,-0.068744
715,-0.070131
716,-0.070481
717,-0.07163
718,-0.069741
719,-0.067636
720,-0.068276
721,-0.071876
722,-0.073396
723,-0.07335
724,-0.072019
725,-0.073401
726,-0.074527
727,-0.075569
728,-0.075892
729,-0.075547
730,-0.077516
731,-0.077567
732,-0.07802
733,-0.078636
734,-0.07754
735,-0.074581
736,-0.073856
737,-0.075665
738,-0.075813
739,-0.083373
740,-0.092415
741,-0.091825
742,-0.095224
743,-0.095378
744,-0.090425
745,-0.088873
746,-0.090492
747,-0.091702
748,-0.089849
749,-0.090507
750,-0.090141
751,-0.085228
752,-0.086616
753,-0.086975
754,-0.085396
755,-0.083607
756,-0.08233
757,-0.082044
758,-0.085243
759,-0.081542
760,-0.081007
761,-0.075775
762,-0.0775
763,-0.069446
764,-0.06845
765,-0.036487
766,0.023861
767,-0.058282
768,-0.099172
769,-0.093163
770,-0.10024
771,-0.094768
772,-0.098449
773,-0.094531
774,-0.098419
775,-0.097059
776,-0.097943
777,-0.098907
778,-0.097185
779,-0.096068
780,-0.097724
781,-0.096602
782,-0.09607
783,-0.096456
784,-0.09753
785,-0.098254
786,-0.098116
787,-0.097684
788,-0.097365
789,-0.09762
790,-0.095201
791,-0.09175
792,-0.074977
793,-0.082718
794,-0.092762
795,-0.092326
796,-0.095532
797,-0.094597
798,-0.09646
799,-0.092925
800,-0.094644
801,-0.09255
802,-0.09191
803,-0.093161
804,-0.091968
805,-0.093001
806,-0.090588
807,-0.089437
808,-0.088281
809,-0.088094
810,-0.090068
811,-0.08852
812,-0.087939
813,-0.087433
814,-0.089292
815,-0.091435
816,-0.090527
817,-0.08918
818,-0.088529
819,-0.087291
820,-0.086288
821,-0.085432
822,-0.086411
823,-0.086206
824,-0.087046
825,-0.086458
826,-0.087124
827,-0.086515
828,-0.084005
829,-0.081612
830,-0.08387
831,-0.084724
832,-0.083407
833,-0.083086
834,-0.081527
835,-0.080977
836,-0.08161
837,-0.082536
838,-0.082533
839,-0.081755
840,-0.08193
841,-0.080846
842,-0.080723
843,-0.08071
844,-0.079541
845,-0.078115
846,-0.079189
847,-0.080196
848,-0.081362
849,-0.08208
850,-0.081362
851,-0.082225
852,-0.082558
853,-0.084131
854,-0.083615
855,-0.082928
856,-0.083904
857,-0.085382
858,-0.084654
859,-0.084488
860,-0.084516
861,-0.085633
862,-0.088197
863,-0.086727
864,-0.085511
865,-0.089549
866,-0.093825
867,-0.093753
868,-0.092802
869,-0.093136
870,-0.093155
871,-0.093393
872,-0.095349
873,-0.095513
874,-0.095757
875,-0.091588
876,-0.092842
877,-0.093915
878,-0.093727
879,-0.094583
880,-0.093535
881,-0.094118
882,-0.09514
883,-0.096036
884,-0.09392
885,-0.093789
886,-0.096252
887,-0.097569
888,-0.098879
889,-0.098632
890,-0.096877
891,-0.09623
892,-0.098201
893,-0.097983
894,-0.096881
895,-0.097972
896,-0.097855
897,-0.096045
898,-0.097647
899,-0.10077
900,-0.10093
901,-0.10141
902,-0.10433
903,-0.10478
904,-0.10248
905,-0.10068
906,-0.10073
907,-0.10069
908,-0.10204
909,-0.10346
910,-0.10494
911,-0.10581
912,-0.10621
913,-0.10761
914,-0.1081
915,-0.10647
916,-0.10523
917,-0.10567
918,-0.10616
919,-0.10807
920,-0.11205
921,-0.10961
922,-0.10918
923,-0.11149
924,-0.10588
925,-0.1059
926,-0.10813
927,-0.10943
928,-0.11589
929,-0.1162
930,-0.11867
931,-0.11682
932,-0.1159
933,-0.11813
934,-0.115
935,-0.11387
936,-0.11491
937,-0.11596
938,-0.11724
939,-0.11795
940,-0.11835
941,-0.11774
942,-0.1193
943,-0.11907
944,-0.11757
945,-0.11719
946,-0.097665
947,-0.11494
948,-0.13194
949,-0.13011
950,-0.1349
951,-0.13311
952,-0.13639
953,-0.13833
954,-0.13917
955,-0.14024
956,-0.14131
957,-0.14159
958,-0.14258
959,-0.14229
960,-0.14621
961,-0.14734
962,-0.14776
963,-0.14646
964,-0.14579
965,-0.14587
966,-0.15191
967,-0.15048
968,-0.15265
969,-0.14947
970,-0.16306
971,-0.17555
972,-0.15126
973,-0.152
974,-0.14923
975,-0.14816
976,-0.14626
977,-0.14641
978,-0.14576
979,-0.1452
980,-0.14576
981,-0.14674
982,-0.14722
983,-0.14908
984,-0.14771
985,-0.14832
986,-0.15023
987,-0.14955
988,-0.14982
989,-0.15121
990,-0.15134
991,-0.1536
992,-0.15529
993,-0.15466
994,-0.15558
995,-0.15548
996,-0.158
997,-0.16096
998,-0.1638
999,-0.16501
1000,-0.16465
1001,-0.16569
1002,-0.16657
1003,-0.16652
1004,-0.167
1005,-0.16785
1006,-0.16813
1007,-0.1671
1008,-0.16753
1009,-0.16673
1010,-0.16798
1011,-0.1691
1012,-0.17007
1013,-0.17052
1014,-0.17024
1015,-0.17099
1016,-0.17247
1017,-0.17384
1018,-0.17475
1019,-0.17421
1020,-0.1751
1021,-0.17748
1022,-0.17736
1023,-0.18004
1024,-0.18083
1025,-0.18222
1026,-0.1824
1027,-0.18214
1028,-0.18324
1029,-0.18379
1030,-0.18617
1031,-0.18669
1032,-0.18862
1033,-0.19132
1034,-0.19174
1035,-0.19246
1036,-0.19345
1037,-0.19162
1038,-0.19264
1039,-0.19224
1040,-0.19288
1041,-0.19275
1042,-0.1919
1043,-0.19232
1044,-0.19211
1045,-0.19144
1046,-0.19274
1047,-0.19319
1048,-0.19369
1049,-0.19602
1050,-0.19545
1051,-0.19662
1052,-0.19754
1053,-0.1977
1054,-0.19828
1055,-0.19903
1056,-0.19756
1057,-0.19842
1058,-0.19733
1059,-0.19673
1060,-0.19983
1061,-0.20112
1062,-0.19894
1063,-0.19818
1064,-0.19792
1065,-0.19933
1066,-0.20072
1067,-0.19969
1068,-0.19913
1069,-0.19897
1070,-0.19867
1071,-0.20004
1072,-0.19868
1073,-0.19729
1074,-0.19514
1075,-0.19367
1076,-0.19643
1077,-0.19535
1078,-0.19594
1079,-0.19821
1080,-0.19723
1081,-0.19572
1082,-0.19527
1083,-0.19389
1084,-0.19249
1085,-0.19418
1086,-0.19365
1087,-0.19357
1088,-0.19388
1089,-0.19331
1090,-0.19419
1091,-0.19422
1092,-0.19349
1093,-0.19344
1094,-0.19366
1095,-0.19272
1096,-0.1935
1097,-0.19416
1098,-0.19363
1099,-0.19468
1100,-0.19344
1101,-0.19352
1102,-0.19431
1103,-0.19312
1104,-0.19473
1105,-0.19573
1106,-0.19751
1107,-0.19965
1108,-0.19937
1109,-0.19957
1110,-0.2006
1111,-0.19984
1112,-0.20025
1113,-0.20176
1114,-0.2006
1115,-0.20094
1116,-0.20047
1117,-0.20072
1118,-0.19916
1119,-0.19816
1120,-0.1974
1121,-0.19749
1122,-0.19789
1123,-0.19925
1124,-0.19957
1125,-0.19912
1126,-0.19952
1127,-0.1987
1128,-0.19891
1129,-0.198
1130,-0.19673
1131,-0.19981
1132,-0.19957
1133,-0.19865
1134,-0.19905
1135,-0.19722
1136,-0.19692
1137,-0.19745
1138,-0.19761
1139,-0.19829
1140,-0.20023
1141,-0.1999
1142,-0.20043
1143,-0.19874
1144,-0.19569
1145,-0.19622
1146,-0.19601
1147,-0.19536
1148,-0.19514
1149,-0.19476
1150,-0.1951
1151,-0.19574
1152,-0.19462
1153,-0.19539
1154,-0.19741
1155,-0.19465
1156,-0.19508
1157,-0.19322
1158,-0.1938
1159,-0.19647
1160,-0.1969
1161,-0.19738
1162,-0.19882
1163,-0.19887
1164,-0.19787
1165,-0.1961
1166,-0.1936
1167,-0.19351
1168,-0.19298
1169,-0.19254
1170,-0.19281
1171,-0.19237
1172,-0.19241
1173,-0.19128
1174,-0.18946
1175,-0.18842
1176,-0.18892
1177,-0.18717
1178,-0.18716
1179,-0.19101
1180,-0.1894
1181,-0.19022
1182,-0.19018
1183,-0.18848
1184,-0.19016
1185,-0.18702
1186,-0.18513
1187,-0.18256
1188,-0.18259
1189,-0.18192
1190,-0.18926
1191,-0.18734
1192,-0.18171
1193,-0.18191
1194,-0.18088
1195,-0.17958
1196,-0.17604
1197,-0.17672
1198,-0.17499
1199,-0.17411
1200,-0.17337
1201,-0.17364
1202,-0.17384
1203,-0.17468
1204,-0.17328
1205,-0.1735
1206,-0.17276
1207,-0.17119
1208,-0.17021
1209,-0.17169
1210,-0.17182
1211,-0.17184
1212,-0.16976
1213,-0.1688
1214,-0.16785
1215,-0.16689
1216,-0.16728
1217,-0.16646
1218,-0.16554
1219,-0.16497
1220,-0.16463
1221,-0.16266
1222,-0.16311
1223,-0.16451
1224,-0.16522
1225,-0.16683
1226,-0.16646
1227,-0.1655
1228,-0.16616
1229,-0.16343
1230,-0.16525
1231,-0.1658
1232,-0.16354
1233,-0.16224
1234,-0.16271
1235,-0.16363
1236,-0.16401
1237,-0.1642
1238,-0.16522
1239,-0.16461
1240,-0.16314
1241,-0.16192
1242,-0.16095
1243,-0.16145
1244,-0.1614
1245,-0.1611
1246,-0.16103
1247,-0.16111
1248,-0.16008
1249,-0.15955
1250,-0.16092
1251,-0.1598
1252,-0.16132
1253,-0.16042
1254,-0.15936
1255,-0.16026
1256,-0.15912
1257,-0.15713
1258,-0.15597
1259,-0.15452
1260,-0.15437
1261,-0.15478
1262,-0.15334
1263,-0.15364
1264,-0.15119
1265,-0.14884
1266,-0.1473
1267,-0.14698
1268,-0.14528
1269,-0.14372
1270,-0.1421
1271,-0.14062
1272,-0.13892
1273,-0.13796
1274,-0.13744
1275,-0.13565
1276,-0.1354
1277,-0.13498
1278,-0.13477
1279,-0.13299
1280,-0.13177
1281,-0.1301
1282,-0.12926
1283,-0.129
1284,-0.12795
1285,-0.12714
1286,-0.12607
1287,-0.1251
1288,-0.12265
1289,-0.12282
1290,-0.12174
1291,-0.11841
1292,-0.11521
1293,-0.11313
1294,-0.11291
1295,-0.11281
1296,-0.11004
1297,-0.11005
1298,-0.10763
1299,-0.10628
1300,-0.10583
1301,-0.10298
1302,-0.10249
1303,-0.10097
1304,-0.10015
1305,-0.10012
1306,-0.097881
1307,-0.096814
1308,-0.095152
1309,-0.093795
1310,-0.092875
1311,-0.091731
1312,-0.091283
1313,-0.089624
1314,-0.08877
1315,-0.087454
1316,-0.091691
1317,-0.092666
1318,-0.09129
1319,-0.091137
1320,-0.091946
1321,-0.093178
1322,-0.09141
1323,-0.092271
1324,-0.090464
1325,-0.088903
1326,-0.088917
1327,-0.088354
1328,-0.088455
1329,-0.089224
1330,-0.089197
1331,-0.089198
1332,-0.089449
1333,-0.090621
1334,-0.090842
1335,-0.09169
1336,-0.092393
1337,-0.091769
1338,-0.09161
1339,-0.092165
1340,-0.092393
1341,-0.091115
1342,-0.09227
1343,-0.093675
1344,-0.093537
1345,-0.093301
1346,-0.093066
1347,-0.092907
1348,-0.092694
1349,-0.092278
1350,-0.091108
1351,-0.090332
1352,-0.091417
1353,-0.090657
1354,-0.090128
1355,-0.089474
1356,-0.089078
1357,-0.089882
1358,-0.090838
1359,-0.091519
1360,-0.092465
1361,-0.09256
1362,-0.092729
1363,-0.093495
1364,-0.091927
1365,-0.09204
1366,-0.090221
1367,-0.088338
1368,-0.088663
1369,-0.088497
1370,-0.088392
1371,-0.088401
1372,-0.087875
1373,-0.086587
1374,-0.086909
1375,-0.085547
1376,-0.086697
1377,-0.087177
1378,-0.08597
1379,-0.087669
1380,-0.08764
1381,-0.087715
1382,-0.088394
1383,-0.087906
1384,-0.087424
1385,-0.087732
1386,-0.085996
1387,-0.085882
1388,-0.085998
1389,-0.086201
1390,-0.084872
1391,-0.085099
1392,-0.085326
1393,-0.084657
1394,-0.083878
1395,-0.08361
1396,-0.084035
1397,-0.083278
1398,-0.082269
1399,-0.081916
1400,-0.081541
1401,-0.080402
1402,-0.082112
1403,-0.08479
1404,-0.084325
1405,-0.084122
1406,-0.084663
1407,-0.083485
1408,-0.083294
1409,-0.083229
1410,-0.082976
1411,-0.083213
1412,-0.083591
1413,-0.082279
1414,-0.083531
1415,-0.085524
1416,-0.084862
1417,-0.085639
1418,-0.086626
1419,-0.08663
1420,-0.085231
1421,-0.085981
1422,-0.086103
1423,-0.085718
1424,-0.087075
1425,-0.08624
1426,-0.085855
1427,-0.08457
1428,-0.082852
1429,-0.084622
1430,-0.0838
1431,-0.083074
1432,-0.084092
1433,-0.082933
1434,-0.084472
1435,-0.085177
1436,-0.08371
1437,-0.084676
1438,-0.083602
1439,-0.083232
1440,-0.083358
1441,-0.083369
1442,-0.082999
1443,-0.082466
1444,-0.082536
1445,-0.082933
1446,-0.083811
1447,-0.083474
1448,-0.083402
1449,-0.082302
1450,-0.081358
1451,-0.081621
1452,-0.083916
1453,-0.085
1454,-0.083852
1455,-0.086068
1456,-0.086968
1457,-0.08432
1458,-0.080847
1459,-0.081151
1460,-0.083271
1461,-0.085216
1462,-0.086555
1463,-0.087349
1464,-0.087347
1465,-0.086596
1466,-0.087454
1467,-0.08698
1468,-0.086214
1469,-0.08662
1470,-0.086358
1471,-0.084835
1472,-0.084933
1473,-0.084048
1474,-0.084232
1475,-0.084662
1476,-0.091976
1477,-0.092146
1478,-0.096657
1479,-0.089226
1480,-0.077629
1481,-0.086177
1482,-0.088418
1483,-0.084626
1484,-0.089162
1485,-0.082727
1486,-0.087352
1487,-0.087042
1488,-0.081047
1489,-0.076681
1490,-0.074224
1491,-0.074438
1492,-0.073017
1493,-0.07256
1494,-0.071181
1495,-0.071098
1496,-0.072097
1497,-0.071569
1498,-0.07101
1499,-0.069871
1500,-0.069211
1501,-0.066713
1502,-0.067554
1503,-0.071669
1504,-0.070906
1505,-0.07117
1506,-0.072252
1507,-0.071919
1508,-0.070791
1509,-0.065948
1510,-0.060351
1511,-0.069378
1512,-0.071792
1513,-0.07313
1514,-0.073533
1515,-0.072059
1516,-0.068953
1517,-0.061712
1518,-0.064809
1519,-0.065843
1520,-0.062609
1521,-0.060689
1522,-0.061062
1523,-0.0597
1524,-0.057831
1525,-0.057527
1526,-0.057595
1527,-0.05787
1528,-0.057876
1529,-0.057604
1530,-0.056947
1531,-0.056036
1532,-0.057166
1533,-0.05751
1534,-0.057872
1535,-0.05765
1536,-0.055584
1537,-0.05641
1538,-0.057263
1539,-0.057962
1540,-0.057837
1541,-0.057813
1542,-0.057764
1543,-0.056578
1544,-0.055833
1545,-0.055469
1546,-0.054724
1547,-0.054794
1548,-0.054258
1549,-0.055196
1550,-0.055686
1551,-0.054143
1552,-0.053213
1553,-0.05225
1554,-0.053482
1555,-0.053633
1556,-0.053148
1557,-0.054309
1558,-0.053721
1559,-0.054103
1560,-0.054745
1561,-0.056456
1562,-0.056541
1563,-0.056039
1564,-0.055427
1565,-0.055692
1566,-0.056405
1567,-0.056677
1568,-0.056772
1569,-0.057063
1570,-0.056555
1571,-0.057414
1572,-0.054312
1573,-0.053342
1574,-0.052795
1575,-0.051212
1576,-0.053106
1577,-0.052553
1578,-0.05239
1579,-0.051475
1580,-0.052876
1581,-0.053258
1582,-0.053542
1583,-0.054489
1584,-0.054335
1585,-0.055988
1586,-0.055971
1587,-0.05457
1588,-0.056131
1589,-0.05628
1590,-0.05684
1591,-0.05723
1592,-0.058024
1593,-0.057729
1594,-0.058103
1595,-0.058517
1596,-0.056733
1597,-0.057025
1598,-0.055883
1599,-0.056918
1600,-0.054257
1601,-0.052758
1602,-0.054885
1603,-0.054841
1604,-0.054909
1605,-0.053015
1606,-0.053419
1607,-0.052889
1608,-0.051534
1609,-0.050601
1610,-0.052076
1611,-0.054315
1612,-0.05539
1613,-0.056395
1614,-0.056442
1615,-0.057228
1616,-0.056489
1617,-0.056884
1618,-0.056551
1619,-0.056488
1620,-0.055883
1621,-0.056643
1622,-0.057595
1623,-0.057315
1624,-0.055872
1625,-0.052539
1626,-0.054539
1627,-0.054443
1628,-0.057114
1629,-0.058298
1630,-0.05702
1631,-0.059238
1632,-0.06211
1633,-0.061512
1634,-0.059441
1635,-0.06122
1636,-0.061917
1637,-0.062393
1638,-0.061068
1639,-0.059981
1640,-0.061676
1641,-0.062931
1642,-0.062695
1643,-0.063869
1644,-0.063419
1645,-0.063457
1646,-0.063316
1647,-0.063779
1648,-0.065585
1649,-0.067193
1650,-0.059031
1651,-0.057693
1652,-0.065444
1653,-0.06625
1654,-0.067827
1655,-0.066486
1656,-0.06799
1657,-0.069988
1658,-0.068621
1659,-0.070536
1660,-0.067139
1661,-0.06871
1662,-0.068318
1663,-0.067361
1664,-0.069698
1665,-0.071466
1666,-0.073091
1667,-0.075704
1668,-0.076261
1669,-0.076326
1670,-0.07478
1671,-0.074936
1672,-0.074707
1673,-0.075081
1674,-0.076639
1675,-0.07893
1676,-0.079727
1677,-0.077494
1678,-0.078706
1679,-0.078725
1680,-0.077203
1681,-0.076854
1682,-0.075775
1683,-0.074695
1684,-0.076044
1685,-0.075997
1686,-0.076837
1687,-0.080129
1688,-0.078094
1689,-0.077171
1690,-0.075106
1691,-0.075484
1692,-0.077295
1693,-0.07814
1694,-0.076851
1695,-0.075546
1696,-0.075203
1697,-0.07215
1698,-0.074413
1699,-0.075612
1700,-0.075321
1701,-0.075938
1702,-0.074174
1703,-0.074055
1704,-0.074547
1705,-0.074366
1706,-0.075178
1707,-0.073233
1708,-0.073197
1709,-0.072212
1710,-0.070375
1711,-0.071412
1712,-0.070894
1713,-0.071044
1714,-0.070382
1715,-0.070545
1716,-0.070445
1717,-0.067988
1718,-0.068577
1719,-0.069507
1720,-0.068258
1721,-0.068051
1722,-0.067619
1723,-0.06765
1724,-0.06651
1725,-0.065849
1726,-0.067039
1727,-0.066515
1728,-0.067075
1729,-0.064092
1730,-0.066667
1731,-0.062101
1732,-0.066554
1733,-0.059437
1734,-0.069038
1735,-0.053818
1736,-0.077492
1737,-0.10893
1738,-0.027637
1739,-0.040766
1740,-0.029611
1741,-0.035051
1742,-0.030555
1743,-0.031936
1744,-0.030659
1745,-0.030355
1746,-0.029806
1747,-0.030137
1748,-0.030051
1749,-0.030309
1750,-0.03005
1751,-0.029669
1752,-0.029287
1753,-0.029018
1754,-0.028499
1755,-0.028165
1756,-0.02753
1757,-0.027502
1758,-0.027031
1759,-0.027089
1760,-0.026623
1761,-0.02792
1762,-0.026456
1763,-0.038288
1764,-0.025545
1765,-0.024471
1766,-0.023832
1767,-0.022409
1768,-0.020963
1769,-0.020775
1770,-0.021133
1771,-0.020376
1772,-0.022173
1773,-0.020949
1774,-0.021174
1775,-0.021816
1776,-0.020633
1777,-0.02152
1778,-0.02103
1779,-0.020892
1780,-0.020997
1781,-0.020356
1782,-0.02026
1783,-0.021276
1784,-0.02149
1785,-0.019283
1786,-0.019469
1787,-0.019071
1788,-0.019048
1789,-0.019555
1790,-0.019415
1791,-0.020581
1792,-0.021318
1793,-0.020755
1794,-0.020638
1795,-0.020847
1796,-0.02118
1797,-0.022024
1798,-0.021027
1799,-0.022006
1800,-0.022095
1801,-0.021529
1802,-0.022043
1803,-0.022203
1804,-0.022209
1805,-0.021808
1806,-0.022364
1807,-0.022554
1808,-0.023268
1809,-0.023167
1810,-0.023313
1811,-0.024323
1812,-0.025118
1813,-0.025689
1814,-0.025329
1815,-0.02607
1816,-0.026274
1817,-0.026222
1818,-0.026223
1819,-0.026151
1820,-0.026696
1821,-0.027824
1822,-0.027718
1823,-0.028437
1824,-0.029132
1825,-0.029484
1826,-0.030017
1827,-0.030113
1828,-0.03061
1829,-0.031637
1830,-0.030817
1831,-0.030105
1832,-0.033038
1833,-0.033633
1834,-0.034571
1835,-0.034964
1836,-0.03489
1837,-0.035358
1838,-0.035918
1839,-0.036197
1840,-0.037039
1841,-0.037666
1842,-0.037588
1843,-0.038646
1844,-0.039581
1845,-0.040883
1846,-0.04226
1847,-0.043124
1848,-0.044026
1849,-0.04453
1850,-0.044988
1851,-0.045306
1852,-0.046666
1853,-0.046949
1854,-0.047909
1855,-0.048994
1856,-0.050315
1857,-0.050956
1858,-0.051971
1859,-0.051922
1860,-0.052041
1861,-0.052534
1862,-0.053336
1863,-0.053283
1864,-0.054256
1865,-0.05538
1866,-0.055908
1867,-0.057455
1868,-0.058618
1869,-0.058653
1870,-0.059832
1871,-0.059894
1872,-0.060383
1873,-0.061966
1874,-0.062764
1875,-0.063144
1876,-0.063891
1877,-0.064522
1878,-0.065933
1879,-0.067106
1880,-0.067548
1881,-0.068132
1882,-0.069549
1883,-0.069383
1884,-0.070162
1885,-0.07043
1886,-0.071027
1887,-0.071332
1888,-0.07143
1889,-0.072917
1890,-0.071604
1891,-0.072288
1892,-0.072079
1893,-0.073558
1894,-0.072651
1895,-0.077256
1896,-0.074694
1897,-0.075836
1898,-0.074468
1899,-0.073451
1900,-0.073572
1901,-0.072561
1902,-0.07408
1903,-0.074064
1904,-0.075442
1905,-0.076515
1906,-0.076214
1907,-0.075992
1908,-0.074911
1909,-0.07525
1910,-0.074779
1911,-0.074088
1912,-0.073659
1913,-0.073367
1914,-0.073879
1915,-0.073741
1916,-0.072217
1917,-0.088366
1918,-0.065029
1919,-0.066568
1920,-0.065149
1921,-0.064957
1922,-0.064794
1923,-0.065149
1924,-0.065071
1925,-0.065601
1926,-0.066029
1927,-0.066104
1928,-0.066465
1929,-0.066674
1930,-0.066803
1931,-0.066372
1932,-0.067142
1933,-0.066396
1934,-0.068958
1935,-0.068197
1936,-0.067313
1937,-0.067415
1938,-0.066805
1939,-0.067461
1940,-0.067537
1941,-0.066867
1942,-0.066398
1943,-0.066584
1944,-0.06587
1945,-0.066028
1946,-0.067824
1947,-0.067411
1948,-0.067297
1949,-0.067903
1950,-0.06829
1951,-0.068023
1952,-0.067928
1953,-0.067719
1954,-0.06791
1955,-0.068538
1956,-0.068806
1957,-0.068953
1958,-0.06906
1959,-0.068989
1960,-0.069186
1961,-0.069404
1962,-0.069551
1963,-0.069202
1964,-0.069582
1965,-0.069448
1966,-0.0703
1967,-0.07008
1968,-0.069486
1969,-0.069921
1970,-0.069881
1971,-0.070305
1972,-0.069703
1973,-0.070238
1974,-0.069862
1975,-0.070127
1976,-0.07023
1977,-0.070579
1978,-0.070698
1979,-0.070325
1980,-0.07072
1981,-0.070404
1982,-0.070721
1983,-0.070514
1984,-0.070483
1985,-0.070487
1986,-0.070553
1987,-0.07018
1988,-0.069917
1989,-0.069677
1990,-0.069877
1991,-0.069686
1992,-0.069877
1993,-0.069285
1994,-0.069763
1995,-0.069577
1996,-0.069612
1997,-0.070026
1998,-0.070145
1999,-0.070183
2000,-0.070186
2001,-0.070008
2002,-0.069454
2003,-0.069806
2004,-0.069726
2005,-0.06982
2006,-0.069841
2007,-0.070119
2008,-0.070322
2009,-0.07041
2010,-0.070288
2011,-0.070535
2012,-0.070535
2013,-0.070143
2014,-0.070431
2015,-0.069965
2016,-0.06955
2017,-0.06969
2018,-0.069678
2019,-0.069015
2020,-0.068936
2021,-0.068606
2022,-0.068572
2023,-0.068478
2024,-0.067949
2025,-0.068662
2026,-0.066976
2027,-0.068491
2028,-0.067376
2029,-0.06759
2030,-0.068428
2031,-0.065742
2032,-0.065252
2033,-0.066292
2034,-0.065924
2035,-0.065833
2036,-0.065958
2037,-0.065302
2038,-0.065098
2039,-0.065326
2040,-0.065178
2041,-0.065309
2042,-0.064946
2043,-0.065714
2044,-0.065153
2045,-0.06659
2046,-0.065843
2047,-0.065126
2048,-0.065165
2049,-0.06511
2050,-0.065458
2051,-0.064978
2052,-0.064875
2053,-0.064675
2054,-0.065611
2055,-0.065561
2056,-0.064408
2057,-0.064289
2058,-0.06412
2059,-0.063751
2060,-0.063605
2061,-0.063371
2062,-0.063031
2063,-0.062894
2064,-0.063155
2065,-0.062331
2066,-0.062441
2067,-0.062089
2068,-0.061804
2069,-0.061941
2070,-0.061462
2071,-0.061261
2072,-0.061167
2073,-0.060461
2074,-0.060915
2075,-0.061293
2076,-0.06006
2077,-0.059167
2078,-0.058708
2079,-0.058193
2080,-0.058427
2081,-0.057443
2082,-0.057393
2083,-0.056786
2084,-0.056536
2085,-0.056295
2086,-0.056119
2087,-0.055842
2088,-0.055683
2089,-0.055331
2090,-0.055064
2091,-0.054798
2092,-0.054091
2093,-0.053634
2094,-0.05317
2095,-0.053081
2096,-0.05251
2097,-0.051893
2098,-0.051227
2099,-0.051086
2100,-0.05013
2101,-0.049431
2102,-0.049053
2103,-0.048699
2104,-0.047939
2105,-0.047253
2106,-0.046181
2107,-0.045939
2108,-0.044715
2109,-0.043531
2110,-0.043252
2111,-0.041902
2112,-0.041377
2113,-0.04091
2114,-0.040132
2115,-0.040114
2116,-0.039399
2117,-0.038715
2118,-0.037839
2119,-0.038223
2120,-0.03654
2121,-0.036156
2122,-0.035224
2123,-0.035221
2124,-0.034121
2125,-0.033052
2126,-0.032687
2127,-0.030827
2128,-0.03224
2129,-0.02838
2130,-0.027621
2131,-0.02571
2132,-0.024897
2133,-0.023722
2134,-0.023113
2135,-0.022068
2136,-0.021987
2137,-0.021126
2138,-0.020133
2139,-0.019079
2140,-0.018141
2141,-0.017484
2142,-0.016484
2143,-0.015344
2144,-0.014779
2145,-0.014209
2146,-0.013254
2147,-0.01219
2148,-0.011516
2149,-0.010804
2150,-0.0094995
2151,-0.008801
2152,-0.0079992
2153,-0.0068285
2154,-0.0063707
2155,-0.0048219
2156,-0.0051133
2157,-0.0028866
2158,-0.0039897
2159,-8.0286e-05
2160,-0.0035572
2161,0.0057236
